{
   "sets":[
      {
         "title":"YouTube Trends",
         "video_count":4777,
         "gdata_list_id":"FLtrends",
         "icon":"trends",
         "gdata_url":"http://192.168.240.32/feeds/api/users/trends/favorites",
         "list_id":"FLeNZlh03MyUkjRlLFpVQxsg",
         "tab":"featured",
         "thumbnail":"http://i1.ytimg.com/vi/6ravZzYKR34/hqdefault.jpg"
      },
      {
         "title":"Music",
         "video_count":30,
         "gdata_list_id":"STmost_popular_Music",
         "icon":"music",
         "gdata_url":"http://192.168.240.32/feeds/api/standardfeeds/US/most_popular_Music",
         "list_id":"LBpop,10,t,en_US",
         "tab":"featured",
         "thumbnail":"http://i1.ytimg.com/vi/_vw2K0AgFF0/hqdefault.jpg"
      },
      {
         "title":"Gaming",
         "video_count":30,
         "gdata_list_id":"STmost_popular_Games",
         "icon":"gaming",
         "gdata_url":"http://192.168.240.32/feeds/api/standardfeeds/US/most_popular_Games",
         "list_id":"LBpop,20,t,en_US",
         "tab":"featured",
         "thumbnail":"http://i1.ytimg.com/vi/7WJBJ9OI1ds/hqdefault.jpg"
      },
      {
         "title":"Sports",
         "video_count":30,
         "gdata_list_id":"STmost_popular_Sports",
         "icon":"sports",
         "gdata_url":"http://192.168.240.32/feeds/api/standardfeeds/US/most_popular_Sports",
         "list_id":"LBpop,17,t,en_US",
         "tab":"featured",
         "thumbnail":"http://i1.ytimg.com/vi/vu1zMV5j0fo/hqdefault.jpg"
      },
      {
         "title":"Film & Animation",
         "video_count":30,
         "gdata_list_id":"STmost_popular_Film",
         "icon":"film",
         "gdata_url":"http://192.168.240.32/feeds/api/standardfeeds/US/most_popular_Film",
         "list_id":"LBpop,1,t,en_US",
         "tab":"featured",
         "thumbnail":"http://i1.ytimg.com/vi/DfSyyw8duQ0/hqdefault.jpg"
      },
      {
         "title":"Entertainment",
         "gdata_list_id":"STmost_popular_Entertainment",
         "icon":"entertainment",
         "gdata_url":"http://192.168.240.32/feeds/api/standardfeeds/US/most_popular_Entertainment",
         "tab":"featured"
      },
      {
         "title":"Comedy",
         "gdata_list_id":"STmost_popular_Comedy",
         "icon":"comedy",
         "gdata_url":"http://192.168.240.32/feeds/api/standardfeeds/US/most_popular_Comedy",
         "tab":"featured"
      },
      {
         "title":"News & Politics",
         "gdata_list_id":"STmost_popular_News",
         "icon":"news",
         "gdata_url":"http://192.168.240.32/feeds/api/standardfeeds/US/most_popular_News",
         "tab":"featured"
      },
      {
         "title":"People & Blogs",
         "gdata_list_id":"STmost_popular_People",
         "icon":"people",
         "gdata_url":"http://192.168.240.32/feeds/api/standardfeeds/US/most_popular_People",
         "tab":"featured"
      },
      {
         "title":"Science & Technology",
         "gdata_list_id":"STmost_popular_Tech",
         "icon":"tech",
         "gdata_url":"http://192.168.240.32/feeds/api/standardfeeds/US/most_popular_Tech",
         "tab":"featured"
      },
      {
         "title":"Howto & Style",
         "gdata_list_id":"STmost_popular_Howto",
         "icon":"howto",
         "gdata_url":"http://192.168.240.32/feeds/api/standardfeeds/US/most_popular_Howto",
         "tab":"featured"
      },
      {
         "title":"Education",
         "gdata_list_id":"STmost_popular_Education",
         "icon":"education",
         "gdata_url":"http://192.168.240.32/feeds/api/standardfeeds/US/most_popular_Education",
         "tab":"featured"
      },
      {
         "title":"Pets & Animals",
         "gdata_list_id":"STmost_popular_Animals",
         "icon":"animals",
         "gdata_url":"http://192.168.240.32/feeds/api/standardfeeds/US/most_popular_Animals",
         "tab":"featured"
      },
      {
         "title":"Smosh",
         "gdata_list_id":"UUY30JRSgfhYXA6i6xX1erWg",
         "gdata_url":"http://192.168.240.32/feeds/api/users/Y30JRSgfhYXA6i6xX1erWg/uploads",
         "tab":"featured"
      },
      {
         "title":"Geek & Sundry",
         "gdata_list_id":"UUaBf1a-dpIsw8OxqH4ki2Kg",
         "gdata_url":"http://192.168.240.32/feeds/api/users/aBf1a-dpIsw8OxqH4ki2Kg/uploads",
         "tab":"featured"
      },
      {
         "title":"Most Popular",
         "video_count":30,
         "gdata_list_id":"STmost_popular",
         "icon":"popular",
         "gdata_url":"http://192.168.240.32/feeds/api/standardfeeds/US/most_popular",
         "list_id":"LBpop,0,t,en_US",
         "tab":"featured",
         "thumbnail":"http://i1.ytimg.com/vi/1b1loWJfxaA/hqdefault.jpg"
      }
   ]
}
