{
    "relativeTimeRules": {
        "minutes": {
            "1": "Minute",
            "2+": "Minuten"
        },
        "hours": {
            "1": "Stunde",
            "2+": "Stunden"
        },
        "days": {
            "1": "Tag",
            "2+": "Tage"
        },
        "weeks": {
            "1": "Woche",
            "2+": "Wochen"
        },
        "months": {
            "1": "Monat",
            "2+": "Monate"
        },
        "years": {
            "1": "Jahr",
            "2+": "Jahre"
        },
        "prefix": "vor ",
        "suffix": ""
    },
    "watchpageUploadDate": {
        "dateFormat": "[day] [monthcode], [year]",
        "monthcodes": {
            "Jan": "Jan",
            "Feb": "Feb",
            "Mar": "Mar",
            "Apr": "Apr",
            "May": "Mai",
            "Jun": "Jun",
            "Jul": "Jul",
            "Aug": "Aug",
            "Sep": "Sep",
            "Oct": "Okt",
            "Nov": "Nov",
            "Dec": "Dez"
        }
    },
    "subscribe": "Abonnieren",
    "unsubscribe": "Deabonnieren",
    "watchstyle_fixes": "",
    "home": "Startseite",
    "videos": "Videos",
    "channels": "Kanäle",
    "search": "Suchen",
    "shows": "Sendungen",
    "create_btn": "Erstelle dir dein Eigenen account!",
    "or": "oder",
    "sign_btn": "Anmelden!",
    "signout_btn": "Abmelden",
    "subs_btn": "Abonnements",
    "history_btn": "Verlauf",
    "upload_btn": "Hochladen",
    "moreinfo": "Mehre Infos",
    "lessinfo": "Wenigere Infos",
    "tags_begin": "Tags: ",
    "morefrom": "Mehr von: ",
    "related": "Ähnliche Videos",
    "views_prefix": "",
    "views_suffix": " Aufrufe",
    "ratings_prefix": "",
    "ratings_suffix": " Bewertungen",
    "statsdata": "Statistik &amp; Daten",
    "responses": "Videoantworten",
    "favorite": "Favoriten",
    "share": "Teilen",
    "playlists": "Playlists",
    "flag": "Melden",
    "comments": "Text Kommenatre&nbsp;",
    "comment_options": "Einstellungen",
    "comment_reply": "Antworten",
    "comment_spam": "Spam",
    "showing_comments_p1": "Anzeigen ",
    "showing_comments_p2": " Kommentare",
    "more_comments": "Zeige mehr Kommentare",
    "cmts_login_promo_p1": "Willst du gerne einen Kommentare ablassen?",
    "cmts_login_promo_p2": "<a href=\"#\">Treten Sie YouTube bei</a> für ein kostenloses Konto oder <a href=\"#\">melden Sie sich an</a>, wenn Sie bereits Mitglied sind.",
    "footer_yt": "YouTube",
    "footer_programs": "Programme",
    "footer_help": "Hilfe",
    "footer_policy": "Policy",
    "footer_discover": "Entdecken",
    "footer_contact": "Kontaktiere uns",
    "footer_advertising": "Werbung",
    "footer_ghelp": "Suche Hilfe",
    "footer_privacy": "Datenschutzrichtlinie",
    "footer_mobile": "Youtube auf dein Telefon!",
    "footer_store": "YouTube Store",
    "footer_dev": "Entwickler*innen",
    "footer_handbook": "Youtube Handbuch",
    "footer_tos": "Nutzungsbedingungen",
    "footer_site": "YouTube auf deiner Seite!",
    "footer_press": "Presseraum",
    "footer_partner": "Partnerschaften",
    "footer_community": "Community-Hilfeforen",
    "footer_dmca": "Urheberrechtshinweise",
    "footer_tv": "YouTube auf deiner Röhre!",
    "footer_business": "Business-Blog",
    "footer_cm": "Content-Management",
    "footer_safety": "Sicherheitszentrum",
    "footer_guidelines": "Community-Richtlinien",
    "footer_rss": "YouTube RSS Feeds",
    "footer_blog": "YouTube Blog",
    "footer_corner": "Creator's Ecke",
    "footer_test": "TestTube",
    "footer_igoogle": "Fügen Sie YouTube zu Ihrer Google-Startseite hinzu",
    "footer_location": "Aktueller Standort:",
    "footer_showloc": "Zeige Standorte an!",
    "footer_language": "Aktuelle Sprache!:",
    "footer_showlang": "Zeige Sprachen an!",
    "footer_copyright": "&copy; 2009 YouTube, LLC",
    "footer_worldwide": "Weltweit",
    "footer_langname": "Deutsch",
    "playnav_all": "Alle",
    "playnav_videos": "Uploads",
    "playnav_favorites": "Favoriten",
    "playnav_playlists_top": "Playlists",
    "playnav_info": "Info",
    "playnav_comments": "Kommentare",
    "playnav_favorite": "Favoriten",
    "playnav_share": "Teilen",
    "playnav_playlists_btn": "Playlists",
    "playnav_flag": "Melden",
    "playnav_showvideo": "Sehen Sie sich Kommentare, verwandte Videos und mehr an",
    "playnav_playlist_videos_prefix": "",
    "playnav_playlist_videos_suffix": " Videos",
    "playnav_from": "Von: ",
    "playnav_fav_added": "<p>Dieses Video wurde <b>zu Ihren <a href=\"/my_favorites\" target=\"_blank\">Favoriten</a> hinzugefügt. (<a href=\"#\" onclick=\"favorite_undo();\">Rückgängig</a>)</a></p>",
    "playnav_fav_removed": "<p>Dieses Video wurde aus Ihren <a href=\"/my_favorites\" target=\"_blank\">Favoriten</a> <b>entfernt</b> (<a href=\"#\" onclick=\"favorite_video();\">Rückgängig</a>)</a></p>",
    "playnav_playlist_add": "Zur Playlist hinzufügen",
    "playnav_playlist_name": "Playlist Name: ",
    "playnav_playlist_added": "Das Video wurde zu Ihrer Playlist hinzugefügt.",
    "playnav_more": "Sehe mehr",
    "playnav_viewcount_prefix": "",
    "playnav_viewcount_suffix": " Aufrufe",
    "playnav_close": "schließen",
    "playnav_add_btn": "Hinzufügen",
    "channel_addfriend": "Als Freund hinzufügen",
    "channel_block": "Benutzer blockieren",
    "channel_msg": "Nachricht senden",
    "channel_profile": "Profil",
    "channel_friends": "Freunde",
    "channel_comments": "Kanal Kommentare",
    "channel_comment_add": "Schreibe ein Kommentar!",
    "channel_subscriptions": "Abonnements",
    "channel_subscribers": "Abonnenten",
    "channel_all": "Sehe alles!",
    "channel_customcss_textfit": "",
    "channel_headername_prefix": "",
    "channel_headername_suffix": "'s Kanal",
    "channel_field_name": "Name",
    "channel_field_description": "Beschreibung",
    "hp_learnmore": "Lerne mehr.",
    "hp_edit": "bearbeiten",
    "hp_viewall": "(Alle ansehen)",
    "hp_recommended": "Für dich empfohlen", 
    "hp_watched": "Videos, die gerade angesehen werden",
    "hp_featured": "Ausgewählte Videos",
    "hp_pop": "Am beliebtesten",
    "hp_sign_prompt": "<strong>Möchten Sie diese Homepage anpassen?</strong><br><a href=\"#\">Anmelden</a> oder <a href=\"#\">Registrieren</a> !",
    "hp_whatsnew": "Was ist neu",
    "hp_corner_title": "Creator's Ecke",
    "hp_corner_desc": "Besuchen Sie diese umfassende Ressource für Videofilmer",
    "hp_channel_title": "Debüt des Holiday Solutions-Kanals",
    "hp_channel_desc": "Es ist wieder die Zeit im Jahr, in der das Ausrichten von Abendessen, der Besuch von Partys und die Suche nach den perfekten Geschenken oberste Priorität haben. Um Ihnen die Orientierung zu erleichtern, arbeiten wir mit Target zusammen ...",
    "hp_rec_desc_p1": "Das Modul \"Für Sie empfohlen\" wählt Videos basierend auf Ihrem Anzeigeverlauf aus. Um Ihren <a href=\"/my_history\">Anzeigeverlauf</a> anzuzeigen",
    "hp_rec_desc_p2": "Klicken Sie oben rechts auf der Seite auf den Link „Verlauf“. Wenn Sie Ihren Verlauf und Ihre Empfehlungen löschen möchten, klicken Sie auf dieser Seite auf die Schaltfläche \"Anzeigeverlauf löschen\".",
    "hp_rec_desc_p3": "Denken Sie daran, dass Sie bessere, spezifischere und konsistentere Empfehlungen erhalten, wenn Sie sich <a href=\"#\">anmelden</a> (oder <a href=\"#\">anmelden</a>). ein YouTube-Konto, falls Sie noch keins haben).",
    "hp_blog": "Lesen Sie mehr in unserem Blog",
    "hp_inbox": "Posteingang",
    "hp_messages_prefix": "",
    "hp_message_1": " Persönliche Mitteilung",
    "hp_messages": " Persönliche Nachrichten",
    "hp_shared_prefix": "",
    "hp_shared": "Mit dir geteilt",
    "hp_comments_prefix": "",
    "hp_comment_1": " Kommentar",
    "hp_comments": " Kommentare",
    "hp_friend_inv_prefix": "",
    "hp_friend_inv_1": " Freund einladen",
    "hp_friend_inv": " Freunde einladen",
    "hp_video_responses_prefix": "",
    "hp_video_response_1": " Videoantwort",
    "hp_video_responses": " Videoantworte",
    "hp_msg_compose": "Nachricht senden",
    "cat_entertainment": "Unterhaltung",
    "cat_music": "Musik",
    "cat_news": "Nachrichten & Politik",
    "cat_film": "Film & Animation",
    "cat_sports": "Sport",
    "cat_howto": "Anleitung und Stil",
    "cat_sci": "Wissenschaft und Technologie",
    "cat_gaming": "Videospiele",
    "cat_fav": "Top-Favorit",
    "cat_autos": "Autos und Fahrzeuge",
    "cat_comedy": "Comedy",
    "cat_edu": "Ausbildung",
    "cat_nonprofit": "Gemeinnützige Organisationen und Aktivismus",
    "cat_people": "Menschen & Blogs",
    "cat_pets": "Haustiere und Tiere",
    "cat_travel": "Reisen & Veranstaltungen",
    "cat_name": "Kategorien",
    "rss": "RSS Diese seite",
    "cat_all": "Alle Kategorien",
    "sort_pop": "Beliebt",
    "sort_recent": "Aktuelle Videos",
    "in_cat": "Bei: ",
    "quicklist": "QuickList",
    "add_to_ql": "Video zur QuickList hinzufügen",
    "ql_added_homepage": "Zur QuickList hinzugefügt",
    "ql_added": "Zur QuickList hinzugefügt",
    "ql_clear_title": "Löschen",
    "ql_clear_desc": "Entfernen Sie alle Videos aus QuickList",
    "ql_save_title": "Speichern",
    "ql_save_desc": "Speichern Sie alle Videos in einer permanenten Playlist",
    "ql_fit_fix": ""
}