{
    "relativeTimeRules": {
        "seconds": {
            "1": "second",
            "2+": "seconds"
        },
        "minutes": {
            "1": "minute",
            "2+": "minutes"
        },
        "hours": {
            "1": "hour",
            "2+": "hours"
        },
        "days": {
            "1": "day",
            "2+": "days"
        },
        "weeks": {
            "1": "week",
            "2+": "weeks"
        },
        "months": {
            "1": "month",
            "2+": "months"
        },
        "years": {
            "1": "year",
            "2+": "years"
        },
        "prefix": "",
        "suffix": " ago"
    },
    "watchpageUploadDate": {
        "dateFormat": "[monthcode] [day], [year]",
        "monthcodes": {
            "Jan": "Jan",
            "Feb": "Feb",
            "Mar": "Mar",
            "Apr": "Apr",
            "May": "May",
            "Jun": "Jun",
            "Jul": "Jul",
            "Aug": "Aug",
            "Sep": "Sep",
            "Oct": "Oct",
            "Nov": "Nov",
            "Dec": "Dec"
        }
    },
    "subscribe": "Subscribe",
    "unsubscribe": "Unsubscribe",
    "watchstyle_fixes": "",
    "home": "Home",
    "videos": "Videos",
    "channels": "Channels",
    "search": "Search",
    "shows": "Shows",
    "create_btn": "Create Account",
    "or": "or",
    "sign_btn": "Sign In",
    "signout_btn": "Sign Out",
    "subs_btn": "Subscriptions",
    "history_btn": "History",
    "upload_btn": "Upload",
    "moreinfo": "more info",
    "lessinfo": "less info",
    "tags_begin": "Tags: ",
    "morefrom": "More From: ",
    "related": "Related Videos",
    "views_prefix": "",
    "views_suffix": " views",
    "ratings_prefix": "",
    "ratings_suffix": " ratings",
    "statsdata": "Statistics &amp; Data",
    "responses": "Video Responses",
    "favorite": "Favorite",
    "share": "Share",
    "playlists": "Playlists",
    "flag": "Flag",
    "comments": "Text Comments&nbsp;",
    "comment_options": "Options",
    "comment_reply": "Reply",
    "comment_spam": "Spam",
    "showing_comments_p1": "Showing ",
    "showing_comments_p2": " comments",
    "more_comments": "Show More Comments",
    "cmts_login_promo_p1": "Would you like to comment?",
    "cmts_login_promo_p2": "<a href=\"#\">Join YouTube</a> for a free account, or <a href=\"#\">sign in</a> if you are already a member.",
    "footer_yt": "YouTube",
    "footer_programs": "Programs",
    "footer_help": "Help",
    "footer_policy": "Policy",
    "footer_discover": "Discover",
    "footer_contact": "Contact Us",
    "footer_advertising": "Advertising",
    "footer_ghelp": "Get Help",
    "footer_privacy": "Privacy Policy",
    "footer_mobile": "YouTube on Your Phone",
    "footer_store": "YouTube Store",
    "footer_dev": "Developers",
    "footer_handbook": "YouTube Handbook",
    "footer_tos": "Terms of Service",
    "footer_site": "YouTube on Your Site",
    "footer_press": "Press Room",
    "footer_partner": "Partnerships",
    "footer_community": "Community Help Forums",
    "footer_dmca": "Copyright Notices",
    "footer_tv": "YouTube on Your TV",
    "footer_business": "Business Blog",
    "footer_cm": "Content Management",
    "footer_safety": "Safety Center",
    "footer_guidelines": "Community Guidelines",
    "footer_rss": "YouTube RSS Feeds",
    "footer_blog": "YouTube Blog",
    "footer_corner": "Creator's Corner",
    "footer_test": "TestTube",
    "footer_igoogle": "Add YouTube to your Google homepage",
    "footer_location": "Current Location:",
    "footer_showloc": "Show locations",
    "footer_language": "Current Language:",
    "footer_showlang": "Show languages",
    "footer_copyright": "&copy; 2009 YouTube, LLC",
    "footer_worldwide": "Worldwide",
    "footer_langname": "English",
    "playnav_all": "All",
    "playnav_videos": "Uploads",
    "playnav_favorites": "Favorites",
    "playnav_playlists_top": "Playlists",
    "playnav_info": "Info",
    "playnav_comments": "Comments",
    "playnav_favorite": "Favorite",
    "playnav_share": "Share",
    "playnav_playlists_btn": "Playlists",
    "playnav_flag": "Flag",
    "playnav_showvideo": "View comments, related videos, and more",
    "playnav_playlist_videos_prefix": "",
    "playnav_playlist_videos_suffix": " videos",
    "playnav_from": "From: ",
    "playnav_fav_added": "<p>This video has been <b>added</b> to your <a href=\"/my_favorites\" target=\"_blank\">Favorites.</a> (<a href=\"#\" onclick=\"favorite_undo();\">Undo</a>)</a></p>",
    "playnav_fav_removed": "<p>This video has been <b>removed</b> from your <a href=\"/my_favorites\" target=\"_blank\">Favorites.</a> (<a href=\"#\" onclick=\"favorite_video();\">Undo</a>)</a></p>",
    "playnav_playlist_add": "Add to Playlist",
    "playnav_playlist_name": "Playlist Name: ",
    "playnav_playlist_added": "The video has been added to your playlist.",
    "playnav_more": "see more",
    "playnav_viewcount_prefix": "",
    "playnav_viewcount_suffix": " views",
    "playnav_close": "close",
    "playnav_add_btn": "Add",
    "channel_addfriend": "Add as Friend",
    "channel_block": "Block User",
    "channel_msg": "Send Message",
    "channel_profile": "Profile",
    "channel_friends": "Friends",
    "channel_comments": "Channel Comments",
    "channel_comment_add": "Add comment",
    "channel_subscriptions": "Subscriptions",
    "channel_subscribers": "Subscribers",
    "channel_all": "see all",
    "channel_customcss_textfit": "",
    "channel_headername_prefix": "",
    "channel_headername_suffix": "'s Channel",
    "channel_field_name": "Name",
    "channel_field_description": "Description",
    "hp_learnmore": "Learn More",
    "hp_edit": "edit",
    "hp_viewall": "(view all)",
    "hp_recommended": "Recommended for You", 
    "hp_watched": "Videos Being Watched Now",
    "hp_featured": "Featured Videos",
    "hp_pop": "Most Popular",
    "hp_sign_prompt": "<strong>Want to customize this homepage?</strong><br><a href=\"#\">Sign In</a> or <a href=\"#\">Sign Up</a> now!",
    "hp_whatsnew": "What's New",
    "hp_corner_title": "Creator's Corner",
    "hp_corner_desc": "Visit this all-in-one resource for videographers",
    "hp_channel_title": "Holiday Solutions Channel Debuts",
    "hp_channel_desc": "It's getting to be that time of year again, when hosting dinners, attending parties, and finding the perfect gifts are top of mind. To help you navigate through it all, we're partnering with Target...",
    "hp_rec_desc_p1": "The \"Recommended for You\" module picks videos based on your viewing history. To see your <a href=\"/my_history\">viewing history</a>",
    "hp_rec_desc_p2": ", click on the History link at the top right of the page; if you want to clear your history and recommendations, click the \"Clear Viewing History\" button on that page.",
    "hp_rec_desc_p3": "Remember, you will get better, more specific, and more consistent recommendations by <a href=\"#\">logging in</a> (or <a href=\"#\">signing up</a> for a YouTube account, if you don't already have one).",
    "hp_blog": "Read more in our Blog",
    "hp_inbox": "Inbox",
    "hp_messages_prefix": "",
    "hp_message_1": " Personal Message",
    "hp_messages": " Personal Messages",
    "hp_shared_prefix": "",
    "hp_shared": "Shared with you",
    "hp_comments_prefix": "",
    "hp_comment_1": " Comment",
    "hp_comments": " Comments",
    "hp_friend_inv_prefix": "",
    "hp_friend_inv_1": " Friend Invite",
    "hp_friend_inv": " Friend Invites",
    "hp_video_responses_prefix": "",
    "hp_video_response_1": " Video Response",
    "hp_video_responses": " Video Responses",
    "hp_msg_compose": "send message",
    "cat_entertainment": "Entertainment",
    "cat_music": "Music",
    "cat_news": "News & Politics",
    "cat_film": "Film & Animation",
    "cat_sports": "Sports",
    "cat_howto": "Howto & Style",
    "cat_sci": "Science & Technology",
    "cat_gaming": "Gaming",
    "cat_fav": "Top Favorited",
    "cat_autos": "Autos & Vehicles",
    "cat_comedy": "Comedy",
    "cat_edu": "Education",
    "cat_nonprofit": "Nonprofits & Activism",
    "cat_people": "People & Blogs",
    "cat_pets": "Pets & Animals",
    "cat_travel": "Travel & Events",
    "cat_name": "Categories",
    "rss": "RSS this page",
    "cat_all": "All Categories",
    "sort_pop": "Popular",
    "sort_recent": "Recent Videos",
    "in_cat": "In: ",
    "quicklist": "QuickList",
    "add_to_ql": "Add Video to QuickList",
    "ql_added_homepage": "Added to <br> QuickList",
    "ql_added": "Added to QuickList",
    "ql_clear_title": "Clear",
    "ql_clear_desc": "Remove all videos from QuickList",
    "ql_save_title": "Save",
    "ql_save_desc": "Save all videos into a permanent playlist",
    "ql_fit_fix": "",
    "watch_chsize": "Change Player Size",
    "watch_popout": "Watch this video in a new window",
    "watch_cat": "Category",
    "results_all": "All",
    "results_channels": "Channels",
    "results_playlists": "Playlists",
    "results_sortby": "Sort by:",
    "results_uploaded": "Uploaded:",
    "results_type": "Type",
    "results_cc": "Closed Captions",
    "results_hd": "HD",
    "results_playlist_video_suffix": " videos",
    "results_channel_sub_suffix": " subscribers",
    "results_advoptions": "Advanced Options",
    "results": "results",
    "sort_newest": "Newest",
    "sort_views": "View Count",
    "sort_rating": "Rating",
    "sort_relevance": "Relevance",
    "up_today": "Today",
    "up_week": "This week",
    "up_month": "This month",
    "up_any": "Anytime",
    "advoptions_header": "Advanced Search",
    "advoptions_have": "Find results that have:",
    "advoptions_allwords": "All these words",
    "advoptions_exact": "This exact phrase",
    "advoptions_oneormore": "One or more of these words",
    "advoptions_noneof": "None of these words",
    "advoptions_cancel": "cancel",
    "advoptions_types": "Show these types of results:",
    "advoptions_type_all": "All",
    "advoptions_type_vids": "Videos",
    "advoptions_type_channels": "Channels",
    "advoptions_type_playlists": "Playlists",
    "advoptions_type_movies": "Movies",
    "advoptions_features": "Show only videos with these features:",
    "advoptions_pv": "Partner Videos",
    "advoptions_refine": "Refine your search by:",
    "advoptions_duration": "Duration",
    "advoptions_dur_any": "Anytime",
    "advoptions_dur_short": "Short",
    "advoptions_dur_long": "Long",
    "advoptions_update": "Uploaded",
    "userpage_myaccount": "My Account",
    "userpage_inbox_entry": "Inbox",
    "userpage_videos_entry": "Videos, Favorites and Playlists",
    "userpage_subs_entry": "Subscriptions",
    "userpage_addressbook_entry": "Address Book",
    "userpage_accsettings_entry": "Account Settings",
    "userpage_mychannel_entry": "My Channel",
    "userpage_insight_entry": "Insight: Statistics and Data",
    "userpage_folder_vids": "Uploaded Videos",
    "userpage_folder_favorites": "Favorites",
    "userpage_folder_playlists": "Playlists",
    "userpage_folder_subs": "Subscriptions",
    "userpage_folder_ql": "Quicklist",
    "userpage_folder_history": "History",
    "userpage_subfolder_history": "Viewing History",
    "userpage_opened_subs": "My Subscriptions",
    "userpage_paging_first": "First &#171;",
    "userpage_paging_prev": "Previous &#8249;",
    "userpage_paging_ind": "Page ",
    "userpage_paging_next": "Next &#8250;",
    "userpage_paging_last": "Last &raquo;",
    "userpage_addto": "Add to",
    "userpage_clear_history": "Clear Viewing History",
    "userpage_views_prefix": "Views: ",
    "userpage_new_playlist": "Playlist",
    "userpage_new_video": "Video Upload",
    "userpage_new_btn": "New",
    "userpage_ql_play": "Play Quicklist",
    "userpage_ql_rmsel": "Remove Selected",
    "userpage_ql_clear": "Clear Quicklist",
    "ql_novids_header": "There are no videos in your quicklist.",
    "ql_novids_msg": "QuickList lets you make a video list for later viewing. Click on the \"+\" (in the lower left) of any video to add it to your QuickList. To view your list, look for the QuickList bar under any video you're watching.",
    "userpage_vl_rm": "Remove",
    "userpage_vl_playall": "Play All",
    "userpage_vl_share": "Share This Playlist",
    "userpage_vl_table_pos": "Position",
    "userpage_vl_table_title": "Title",
    "userpage_vl_table_time": "Time",
    "userpage_vl_table_date": "Date Added",
    "userpage_vl_table_views": "Views",
    "userpage_vl_table_rating": "Rating",
    "vl_permalink_label": "Playlist/URL (Permalink):",
    "vl_embed_label": "Embeddable Player:",
    "vl_playall": "Play All Videos"
}