{
    "relativeTimeRules": {
        "seconds": {
            "1": "sekunda",
            "2-4": "sekundy",
            "5+": "sekund"
        },
        "minutes": {
            "1": "minuta",
            "2-4": "minuty",
            "5+": "minut"
        },
        "hours": {
            "1": "godzina",
            "2-4": "godziny",
            "5+": "godzin"
        },
        "days": {
            "1": "dzień",
            "2+": "dni"
        },
        "weeks": {
            "1": "tydzień",
            "2-4": "tygodnie",
            "5+": "tygodni"
        },
        "months": {
            "1": "miesiąc",
            "2-4": "miesiące",
            "5+": "miesięcy"
        },
        "years": {
            "1": "rok",
            "2-4": "lata",
            "5+": "lat"
        },
        "prefix": "",
        "suffix": " temu"
    },
    "watchpageUploadDate": {
        "dateFormat": "[day] [monthcode] [year]",
        "monthcodes": {
            "Jan": "I",
            "Feb": "II",
            "Mar": "III",
            "Apr": "IV",
            "May": "V",
            "Jun": "VI",
            "Jul": "VII",
            "Aug": "VIII",
            "Sep": "IX",
            "Oct": "X",
            "Nov": "XI",
            "Dec": "XII"
        }
    },
    "subscribe": "Subskrybuj",
    "unsubscribe": "Anuluj subskrypcję",
    "watchstyle_fixes": "<style>#unsubscribeDiv {width: 125px;margin-left: -10px;</style>",
    "home": "Strona główna",
    "videos": "Filmy wideo",
    "channels": "Kanały",
    "search": "Szukaj",
    "shows": "Programy",
    "create_btn": "Utwórz konto",
    "or": "lub",
    "sign_btn": "Zaloguj się",
    "signout_btn": "Wyloguj się",
    "subs_btn": "Subskrypcje",
    "history_btn": "Historia",
    "upload_btn": "Prześlij film",
    "moreinfo": "więcej informacji",
    "lessinfo": "mniej informacji",
    "tags_begin": "Tagi: ",
    "morefrom": "Więcej od: ",
    "related": "Podobne filmy wideo",
    "views_prefix": "Liczba wyświetleń: ",
    "views_suffix": " ",
    "ratings_prefix": "Oceny: ",
    "ratings_suffix": " ",
    "statsdata": "Statystyki i dane",
    "responses": "Odpowiedzi wideo",
    "favorite": "Ulubione",
    "share": "Udostępnij",
    "playlists": "Listy odtwarzania",
    "flag": "Zgłoś",
    "comments": "Komentarze tekstowe",
    "comment_options": "Opcje",
    "comment_reply": "Odpowiedz",
    "comment_spam": "",
    "showing_comments_p1": "Pokazywanie ",
    "showing_comments_p2": " komentarzy",
    "more_comments": "Pokaż więcej komentarzy",
    "cmts_login_promo_p1": "Chcesz skomentować?",
    "cmts_login_promo_p2": "<a href=\"#\">Dołącz do społeczności YouTube</a>, rejestrując bezpłatne konto, lub <a href=\"#\">zaloguj się</a>, jeśli już do niej należysz.",
    "footer_yt": "YouTube",
    "footer_programs": "Programy",
    "footer_help": "Pomoc",
    "footer_policy": "Zasady",
    "footer_discover": "Odkryj",
    "footer_contact": "Skontaktuj się z nami",
    "footer_advertising": "Reklama",
    "footer_ghelp": "Uzyskaj pomoc",
    "footer_privacy": "Polityka prywatności",
    "footer_mobile": "YouTube w Twoim telefonie",
    "footer_store": "Sklep YouTube",
    "footer_dev": "Programiści",
    "footer_handbook": "Podręcznik YouTube",
    "footer_tos": "Warunki korzystania z serwisu",
    "footer_site": "YouTube w Twojej witrynie",
    "footer_press": "Kącik dla prasy",
    "footer_partner": "Współpraca",
    "footer_community": "Forum pomocy",
    "footer_dmca": "Informacje o prawach autorskich",
    "footer_tv": "YouTube w Twoim telewizorze",
    "footer_business": "Blog parnerów You Tube",
    "footer_cm": "Zarządzanie treścią",
    "footer_safety": "Centrum bezpieczeństwa",
    "footer_guidelines": "Wytyczne dla społeczności",
    "footer_rss": "Kanały RSS serwisu YouTube",
    "footer_blog": "Blog YouTube",
    "footer_corner": "",
    "footer_test": "TestTube",
    "footer_igoogle": "Dodaj YouTube do strony głównej Google",
    "footer_location": "Wybrana lokalizacja:",
    "footer_showloc": "Wybierz lokalizację",
    "footer_language": "Język:",
    "footer_showlang": "Wybierz język",
    "footer_copyright": "&copy; 2009 YouTube, LLC",
    "footer_worldwide": "Cały świat",
    "footer_langname": "Polski",
    "playnav_all": "Wszystkie",
    "playnav_videos": "Przesłane filmy",
    "playnav_favorites": "Ulubione",
    "playnav_playlists_top": "Listy odtwarzania",
    "playnav_info": "Informacje",
    "playnav_comments": "Komentarze",
    "playnav_favorite": "Ulubione",
    "playnav_share": "Prześlij",
    "playnav_playlists_btn": "Playlisty",
    "playnav_flag": "Zgłoś",
    "playnav_showvideo": "Wyświetlaj komentarze, podobne filmy i nie tylko",
    "playnav_playlist_videos_prefix": "",
    "playnav_playlist_videos_suffix": " filmów",
    "playnav_from": "Od: ",
    "playnav_fav_added": "<p>Ten film został <b>dodany</b> do Twoich <a href=\"/my_favorites\" target=\"_blank\">Ulubionych.</a> (<a href=\"#\" onclick=\"favorite_undo();\">Cofnij</a>)</a></p>",
    "playnav_fav_removed": "<p>Ten film został <b>usunięty</b> z Twoich <a href=\"/my_favorites\" target=\"_blank\">Ulubionych.</a> (<a href=\"#\" onclick=\"favorite_video();\">Cofnij</a>)</a></p>",
    "playnav_playlist_add": "Dodaj do listy odtwarzania",
    "playnav_playlist_name": "Nazwa playlisty: ",
    "playnav_playlist_added": "Ten film został dodany do Twojej listy odtwarzania.",
    "playnav_more": "zobacz więcej",
    "playnav_viewcount_prefix": "Wyświetlenia: ",
    "playnav_viewcount_suffix": "",
    "playnav_close": "zamknij",
    "playnav_add_btn": "Dodaj",
    "channel_addfriend": "Dodaj jako przyjaciela",
    "channel_block": "Zablokuj użytkownika",
    "channel_msg": "Wyślij wiadomość",
    "channel_profile": "Profil",
    "channel_friends": "Przyjaciele",
    "channel_comments": "Komentarze kanału",
    "channel_comment_add": "Dodaj komentarz",
    "channel_subscriptions": "Subskrypcje",
    "channel_subscribers": "Widzowie",
    "channel_all": "zobacz wszystko",
    "channel_customcss_textfit": "#playnav-navbar {padding: 10px 5px !important;}",
    "channel_headername_prefix": "Kanał użytkownika ",
    "channel_headername_suffix": "",
    "channel_field_name": "Nazwa",
    "channel_field_description": "Opis",
    "hp_learnmore": "Więcej informacji",
    "hp_edit": "Edytuj",
    "hp_viewall": "(wyświetl wszystko)",
    "hp_recommended": "Zalecane", 
    "hp_watched": "Oglądane obecnie filmy wideo",
    "hp_featured": "Polecane filmy wideo",
    "hp_pop": "Najpopularniejsze",
    "hp_sign_prompt": "<strong>Czy chcesz dostosować tę stronę główną</strong><br><a href=\"#\">Zaloguj</a> lub <a href=\"#\">zarejestruj się</a> teraz!",
    "hp_whatsnew": "Nowości",
    "hp_corner_title": "Kącik dla twórców",
    "hp_corner_desc": "Odwiedź ten wszystko-w-jednym kącik dla twórców",
    "hp_channel_title": "Debiut kanału \"Holiday Solutions\"",
    "hp_channel_desc": "Znów nadchodzi ta pora roku, kiedy najważniejsze jest organizowanie kolacji, uczestnictwo w przyjęciach i znajdowanie idealnych prezentów. Aby pomóc Ci w poruszaniu się po tym wszystkim, rozpoczęliśmy współpracę z firmą Target...",
    "hp_rec_desc_p1": "W module „Zalecane” znajdują się filmy wideo wybrane na podstawie Twojej historii wyświetlania. Aby zobaczyć swoją <a href=\"/my_history\">historię wyświetlania</a>",
    "hp_rec_desc_p2": ", kliknij link Historia znajdujący się w prawym górnym rogu strony. Aby wyczyścić historię i zalecenia, kliknij przycisk „Wyczyść historię filmów” znajdujący się na stronie. ",
    "hp_rec_desc_p3": "Aby uzyskiwać bardziej trafne, dokładne i spójne zalecenia, <a href=\"#\">zaloguj się</a> (lub <a href=\"#\">zarejestruj</a> konto YouTube, jeśli jeszcze go nie masz).",
    "hp_blog": "",
    "hp_inbox": "Skrzynka odbiorcza",
    "hp_messages_prefix": "Wiadomości osobiste: ",
    "hp_message_1": "",
    "hp_messages": "",
    "hp_shared_prefix": "Filmy udostępnione Tobie: ",
    "hp_shared": "",
    "hp_comments_prefix": "Liczba komentarzy: ",
    "hp_comment_1": "",
    "hp_comments": "",
    "hp_friend_inv_prefix": "Liczba zaproszeń od przyjaciół: ",
    "hp_friend_inv_1": "",
    "hp_friend_inv": "",
    "hp_video_responses_prefix": "Odpowiedzi wideo: ",
    "hp_video_response_1": "",
    "hp_video_responses": "",
    "hp_msg_compose": "wyślij wiadomość",
    "cat_entertainment": "Rozrywka",
    "cat_music": "Muzyka",
    "cat_news": "Wiadomości i polityka",
    "cat_film": "Krótki film i animacja",
    "cat_sports": "Sport",
    "cat_howto": "Poradniki i styl",
    "cat_sci": "Nauka i technika",
    "cat_gaming": "Gry",
    "cat_fav": "Najpopularniejsze zakładki",
    "cat_autos": "Motoryzacja",
    "cat_comedy": "Śmieszne",
    "cat_edu": "Edukacja",
    "cat_nonprofit": "Organizacje non-profit i aktywizm",
    "cat_people": "Ludzie",
    "cat_pets": "Zwierzęta",
    "cat_travel": "Podróże",
    "cat_name": "Kategorie",
    "rss": "RSS",
    "cat_all": "Wszystkie kategorie",
    "sort_pop": "Popularne",
    "sort_recent": "Najnowsze",
    "in_cat": "W: ",
    "quicklist": "Podręczna lista",
    "add_to_ql": "Dodaj film wideo do podręcznej listy",
    "ql_added_homepage": "Dodano do podręcznej listy",
    "ql_added": "Dodano do podręcznej listy",
    "ql_clear_title": "Wyczyść",
    "ql_clear_desc": "Usuń wszystkie filmy wideo z podręcznej listy",
    "ql_save_title": "Zapisz",
    "ql_save_desc": "Zapisz podręczną listę jako listę odtwarzania",
    "ql_fit_fix": "<style>.quicklist-inlist{margin-top: -28px;}</style>",
    "watch_chsize": "Zmień rozmiar odtwarzacza",
    "watch_popout": "Obejrzyj ten film wideo w nowym oknie",
    "watch_cat": "Kategoria",
    "results_all": "Wszystkie",
    "results_channels": "Kanały",
    "results_playlists": "Listy odtwarzania",
    "results_sortby": "Sortuj według:",
    "results_uploaded": "Przesłano:",
    "results_type": "Typ:",
    "results_cc": "Napisy",
    "results_hd": "HD",
    "results_playlist_video_suffix": " filmów",
    "results_channel_sub_suffix": " subskrybentów",
    "results_advoptions": "Opcje wyszukiwania",
    "results": "wyniki",
    "sort_newest": "Najnowsze",
    "sort_views": "Najpopularniejsze",
    "sort_rating": "Oceny",
    "sort_relevance": "Trafność",
    "up_today": "Dzisiaj",
    "up_week": "W tym tygodniu",
    "up_month": "W tym miesiącu",
    "up_any": "Kiedykolwiek",
    "advoptions_header": "Wyszukiwanie zaawansowane",
    "advoptions_have": "Znajdź wyniki zawierające:",
    "advoptions_allwords": "Wszystkie te słowa",
    "advoptions_exact": "Tą dokładną frazę",
    "advoptions_oneormore": "Jedno albo więcej z tych słów",
    "advoptions_noneof": "Żadne z tych słów",
    "advoptions_cancel": "anuluj",
    "advoptions_types": "Pokaż te typy wyników",
    "advoptions_type_all": "Wszystkie",
    "advoptions_type_vids": "Filmy wideo",
    "advoptions_type_channels": "Kanały",
    "advoptions_type_playlists": "Listy odtwarzania",
    "advoptions_type_movies": "Filmy",
    "advoptions_features": "Pokaż tylko filmy wideo:",
    "advoptions_pv": "Filmy wideo partnerów",
    "advoptions_refine": "Zawęż wyszukiwanie według:",
    "advoptions_duration": "Czas trwania",
    "advoptions_dur_any": "Każdy",
    "advoptions_dur_short": "Krótki",
    "advoptions_dur_long": "Długi",
    "advoptions_update": "Dodany",
    "userpage_myaccount": "Moje konto",
    "userpage_inbox_entry": "Skrzynka odbiorcza",
    "userpage_videos_entry": "Moje filmy, Ulubione i Playlisty",
    "userpage_subs_entry": "Subskrypcje",
    "userpage_addressbook_entry": "Książka adresowa",
    "userpage_accsettings_entry": "Ustawienia",
    "userpage_mychannel_entry": "Mój kanał",
    "userpage_insight_entry": "Statystyki",
    "userpage_folder_vids": "Przesłane filmy",
    "userpage_folder_favorites": "Ulubione",
    "userpage_folder_playlists": "Playlisty",
    "userpage_folder_subs": "Subskrypcje",
    "userpage_folder_ql": "Podręczna lista",
    "userpage_folder_history": "Historia",
    "userpage_subfolder_history": "Historia",
    "userpage_opened_subs": "Moje subskrypcje",
    "userpage_paging_first": "Pierwsza &#171;",
    "userpage_paging_prev": "Poprzednia &#8249;",
    "userpage_paging_ind": "",
    "userpage_paging_next": "Dalej &#8250;",
    "userpage_paging_last": "Ostatnia &raquo;",
    "userpage_addto": "Dodaj do",
    "userpage_clear_history": "Wyczyść historię oglądania",
    "userpage_views_prefix": "Wyświetlenia: ",
    "userpage_new_playlist": "Playlista",
    "userpage_new_video": "Film",
    "userpage_new_btn": "Nowe",
    "userpage_ql_play": "Odtwórz wszystko",
    "userpage_ql_rmsel": "Usuń zaznaczone",
    "userpage_ql_clear": "Wyczyść listę",
    "ql_novids_header": "W twojej podręcznej liście nie ma filmów.",
    "ql_novids_msg": "Podręczna lista umożliwia utworzenie listy filmów wideo do późniejszego wyświetlania. Aby dodać dowolny film wideo do swojej podręcznej listy, kliknij znak „+” (w jego lewym dolnym rogu). Aby wyświetlić listę, poszukaj paska podręcznej listy poniżej oglądanego filmu wideo.",
    "userpage_vl_rm": "Usuń",
    "userpage_vl_playall": "Odtwórz wszystkie",
    "userpage_vl_share": "Udostępnij tę listę odtwarzania",
    "userpage_vl_table_pos": "Pozycja",
    "userpage_vl_table_title": "Tytuł",
    "userpage_vl_table_time": "Czas",
    "userpage_vl_table_date": "Dodane",
    "userpage_vl_table_views": "Wyświetlenia",
    "userpage_vl_table_rating": "Ocena",
    "vl_permalink_label": "Playlista/adres URL (link bezpośredni):",
    "vl_embed_label": "Odtwarzacz osadzony na stronie:",
    "vl_playall": "Odtwórz wszystkie filmy wideo"
}
