{
    "relativeTimeRules": {
        "seconds": {
            "1": "секунда",
            "2+": "сек."
        },
        "minutes": {
            "1": "минуту",
            "2+": "мин."
        },
        "hours": {
            "1+": "час."
        },
        "days": {
            "1": "день",
            "2+": "дн."
        },
        "weeks": {
            "1+": "нед."
        },
        "months": {
            "1": "месяц",
            "2+": "мес."
        },
        "years": {
            "1": "год",
            "2+": "г."
        },
        "prefix": "",
        "suffix": " назад"
    },
    "watchpageUploadDate": {
        "dateFormat": "[day].[monthcode].[year]",
        "monthcodes": {
            "Jan": "01",
            "Feb": "02",
            "Mar": "03",
            "Apr": "04",
            "May": "05",
            "Jun": "06",
            "Jul": "07",
            "Aug": "08",
            "Sep": "09",
            "Oct": "10",
            "Nov": "11",
            "Dec": "12"
        }
    },
    "subscribe": "Подписаться",
    "unsubscribe": "Отменить подписку",
    "home": "На главную",
    "videos": "Видео",
    "channels": "Каналы",
    "search": "Поиск",
    "shows": "Шоу",
    "create_btn": "Создать аккаунт",
    "or": "или",
    "sign_btn": "Войти",
    "signout_btn": "Выйти",
    "subs_btn": "Подписки",
    "history_btn": "Журнал",
    "upload_btn": "Добавить видео",
    "moreinfo": "подробнее",
    "lessinfo": "Скрыть подробности",
    "tags_begin": "Теги: ",
    "morefrom": "Другие видео от: ",
    "related": "Похожие видео",
    "views_prefix": "Просмотров: ",
    "views_suffix": " ",
    "ratings_prefix": "Оценок: ",
    "ratings_suffix": " ",
    "statsdata": "Статистика и данные",
    "responses": "Видеоответы ",
    "favorite": "Избранное",
    "share": "Отправить",
    "playlists": "Плейлисты",
    "flag": "Пожаловаться",
    "comments": "Текстовые комментарии",
    "comment_options": " Настройки",
    "comment_reply": "Ответить",
    "comment_spam": "Спам",
    "showing_comments_p1": "Показываем ",
    "showing_comments_p2": " комментарий",
    "more_comments": "Показать больше комментариев",
    "cmts_login_promo_p1": "Хотите оставить комментарий?",
    "cmts_login_promo_p2": "<a href=\"#\">Присоединитесь к YouTube</a>, создав бесплатный аккаунт, или <a href=\"/signin\">войдите на сайт</a>, если вы уже зарегистрированы.",
    "footer_yt": "YouTube",
    "footer_programs": "Программы",
    "footer_help": "Справка",
    "footer_policy": "Правила",
    "footer_discover": "Откройте для себя",
    "footer_contact": "Свяжитесь с нами",
    "footer_advertising": "Реклама",
    "footer_ghelp": "Получить справку",
    "footer_privacy": "Политика конфиденциальности",
    "footer_mobile": "YouTube в вашем телефоне",
    "footer_store": "Магазин YouTube",
    "footer_dev": "Разработчики",
    "footer_handbook": "Справочник YouTube",
    "footer_tos": "Условия использования",
    "footer_site": "YouTube на вашем сайте",
    "footer_press": "Пресс-центр",
    "footer_partner": "Партнерство",
    "footer_community": "Справочный форум сообщества",
    "footer_dmca": "Авторские права",
    "footer_tv": "YouTube по телевизору",
    "footer_business": "Бизнес-блог",
    "footer_cm": "Управление содержанием",
    "footer_safety": "Центр безопасности",
    "footer_guidelines": "Принципы сообщества",
    "footer_rss": "RSS-фиды YouTube",
    "footer_blog": "Блог YouTube",
    "footer_corner": "",
    "footer_test": "TestTube",
    "footer_igoogle": "Добавить YouTube на вашу домашнюю страницу Google",
    "footer_location": "Текущее местоположение:",
    "footer_showloc": "Показать местоположения",
    "footer_language": "Текущий язык:",
    "footer_showlang": "Другие языки",
    "footer_copyright": "&copy; 2009 YouTube, LLC",
    "footer_worldwide": "Всемировой",
    "footer_langname": "Pyccĸий",
    "playnav_all": "Все",
    "playnav_videos": "Добавленные видео",
    "playnav_favorites": "Избранное",
    "playnav_playlists_top": "Плейлисты",
    "playnav_info": "Информация",
    "playnav_comments": "Комментарии",
    "playnav_favorite": "Избранное",
    "playnav_share": "Отправить",
    "playnav_playlists_btn": "Плейлисты",
    "playnav_flag": "Пожаловаться",
    "playnav_showvideo": "Просмотреть комментарии, похожие видео и многое другое",
    "playnav_playlist_videos_prefix": "",
    "playnav_playlist_videos_suffix": " видео",
    "playnav_from": "От: ",
    "playnav_fav_added": "<p>Это видео было <b>добавленно</b> в ваше <a href=\"/my_favorites\" target=\"_blank\">Избранное.</a> (<a href=\"#\" onclick=\"favorite_undo();\">Отменить</a>)</a></p>",
    "playnav_fav_removed": "<p>Это видео было <b>удаленно</b> из ваших <a href=\"/my_favorites\" target=\"_blank\">Избранных.</a> (<a href=\"#\" onclick=\"favorite_video();\">Отменить</a>)</a></p>",
    "playnav_playlist_add": "Добавить в плейлист",
    "playnav_playlist_name": "Название плейлиста: ",
    "playnav_playlist_added": "Видео было добавленно в ваш плейлист.",
    "playnav_more": "просмотреть все",
    "playnav_viewcount_prefix": "Просмотров: ",
    "playnav_viewcount_suffix": "",
    "playnav_close": "Отправить сообщение",
    "playnav_add_btn": "Добавить",
    "channel_addfriend": "Добавить в друзья",
    "channel_block": "Заблокировать пользователя",
    "channel_msg": "Отправить сообщение",
    "channel_profile": "Профиль",
    "channel_friends": "Друзья",
    "channel_comments": "Комментарии о канале",
    "channel_comment_add": "Добавить комментарий",
    "channel_subscriptions": "Подписки",
    "channel_subscribers": "Подписчики",
    "channel_all": "Просмотреть все",
    "channel_customcss_textfit": ".playnav-bottom-link a {font-size: 12px;}",
    "channel_headername_prefix": "Канал пользователя ",
    "channel_headername_suffix": "",
    "channel_field_name": "Имя",
    "channel_field_description": "О себе",
    "hp_learnmore": "Подробнее",
    "hp_edit": "редактировать",
    "hp_viewall": "(посмотреть все)",
    "hp_recommended": "Рекомендуем посмотреть", 
    "hp_watched": "Сейчас смотрят",
    "hp_featured": "В центре внимания",
    "hp_pop": "Самые популярные",
    "hp_sign_prompt": "<strong>Хотите настроить главную страницу?</strong><br><a href=\"/signin\">Войдите</a> или <a href=\"#\">зарегистрируйтесь</a> прямо сейчас!!",
    "hp_whatsnew": "Что нового",
    "hp_corner_title": "Угол создателя",
    "hp_corner_desc": "Всё для видеографов на одном ресурсе",
    "hp_channel_title": "Holiday Solutions Channel Debuts",
    "hp_channel_desc": "It's getting to be that time of year again, when hosting dinners, attending parties, and finding the perfect gifts are top of mind. To help you navigate through it all, we're partnering with Target...",
    "hp_rec_desc_p1": "Модуль \"Похожие видео\" подбирает видео связанное с вашим журналом. Чтобы посмотреть ваш <a href=\"/my_history\">журнал просмотров</a>",
    "hp_rec_desc_p2": ", нажмите Журнал находящейся в верхне правом углу страницы; если вы хотите очистить ваш журнал и рекоммендации, нажмите на кнопку \"Очистить Журнал Просмотров\" на странице.",
    "hp_rec_desc_p3": "Знайте, вы можете получите наиболее качественные, более конкретные и последовательные рекоммендации если вы <a href=\"#\">войдёте</a> (или <a href=\"#\">зарегистрируйте</a> аккаунт YouTube, если у вас его еще нет).",
    "hp_blog": "Подробнее в нашем блоге",
    "hp_inbox": "Входящее",
    "hp_messages_prefix": "",
    "hp_message_1": " входящее сообщение",
    "hp_messages": " входиящих сообщений",
    "hp_shared_prefix": "",
    "hp_shared": "Поделились с вами",
    "hp_comments_prefix": "",
    "hp_comment_1": " комментарий",
    "hp_comments": " комментариев",
    "hp_friend_inv_prefix": "",
    "hp_friend_inv_1": " Заявка в друзья",
    "hp_friend_inv": " Заявки в друзья",
    "hp_video_responses_prefix": "",
    "hp_video_response_1": " Видеоответ",
    "hp_video_responses": " Видеоответов",
    "hp_msg_compose": "отправить сообщение",
    "cat_entertainment": "Развлечение",
    "cat_music": "Музыка",
    "cat_news": "Новости и политика",
    "cat_film": "Фильмы и анимация",
    "cat_sports": "Спорт",
    "cat_howto": "Обучение и стиль",
    "cat_sci": "Наука и техника",
    "cat_gaming": "Компьютерные игры",
    "cat_fav": "Лидеры в избранном",
    "cat_autos": "Авто и транспорт",
    "cat_comedy": "Юмор",
    "cat_edu": "Образование",
    "cat_nonprofit": "Общественные акции",
    "cat_people": "Люди и блоги",
    "cat_pets": "Животные",
    "cat_travel": "Путешествия и события",
    "cat_name": "Категории",
    "rss": "Преобразить страницу в RSS-фид",
    "cat_all": "Все категории",
    "sort_pop": "Популярные",
    "sort_recent": "Недавние видео",
    "in_cat": "В категории: ",
    "quicklist": "Сохраненные",
    "add_to_ql": "Добавить видео в Сохраненные",
    "ql_added_homepage": "Добавлено в <br> Сохраненные",
    "ql_added": "Добавлено в Сохраненные",
    "ql_clear_title": "Очистить",
    "ql_clear_desc": "Удалить все видео из Сохраненных",
    "ql_save_title": "Сохранить",
    "ql_save_desc": "Сохранить все видео в постоянный плейлист",
    "ql_fit_fix": "",
    "watch_chsize": "Изменить размер окна проигрывателя",
    "watch_popout": "Смотреть это видео в новом окне",
    "watch_cat": "Категория:",
    "results_all": "Все",
    "results_channels": "Каналы",
    "results_playlists": "Плейлисты",
    "results_sortby": "Сортировка:",
    "results_uploaded": "Дата загрузки:",
    "results_type": "Тип",
    "results_cc": "Субтитры",
    "results_hd": "HD",
    "results_playlist_video_suffix": " видео",
    "results_channel_sub_suffix": " подписчиков",
    "results_advoptions": "Расширенные настройки",
    "results": "результаты",
    "sort_newest": "Сначала новые",
    "sort_views": "По числу просмотров",
    "sort_rating": "По рейтингу",
    "sort_relevance": "По релевантности",
    "up_today": "Сегодня",
    "up_week": "За эту неделю",
    "up_month": "За этот месяц",
    "up_any": "За всё время",
    "advoptions_header": "Расширенные настройки",
    "advoptions_have": "Найти результаты, которые содержат:",
    "advoptions_allwords": "Все эти слова",
    "advoptions_exact": "Этот точный запрос",
    "advoptions_oneormore": "Одно или несколько этих слов",
    "advoptions_noneof": "Ни одно из этих слов",
    "advoptions_cancel": "отмена",
    "advoptions_types": "Показывать эти виды результатов:",
    "advoptions_type_all": "Все",
    "advoptions_type_vids": "Видео",
    "advoptions_type_channels": "Каналы",
    "advoptions_type_playlists": "Плейлисты",
    "advoptions_type_movies": "Фильмы",
    "advoptions_features": "Показывать только видео с этими функциями:",
    "advoptions_pv": "Видео от партнеров",
    "advoptions_refine": "Уточнение поиска:",
    "advoptions_duration": "Длительность",
    "advoptions_dur_any": "Любые",
    "advoptions_dur_short": "Короткие",
    "advoptions_dur_long": "Длинные",
    "advoptions_update": "Загрузки",
    "userpage_myaccount": "Мой аккаунт",
    "userpage_inbox_entry": "Входящее",
    "userpage_videos_entry": "Видео, Избранное и плейлисты",
    "userpage_subs_entry": "Подписки",
    "userpage_addressbook_entry": "Контакты",
    "userpage_accsettings_entry": "Настройки аккаунта",
    "userpage_mychannel_entry": "Мой канал",
    "userpage_insight_entry": "Статистика и данные",
    "userpage_folder_vids": "Загруженные видео",
    "userpage_folder_favorites": "Избранное",
    "userpage_folder_playlists": "Плейлисты",
    "userpage_folder_subs": "Подписки",
    "userpage_folder_ql": "Quicklist",
    "userpage_folder_history": "История",
    "userpage_subfolder_history": "История просмотров",
    "userpage_opened_subs": "Мои подписки",
    "userpage_paging_first": "В начало &#171;",
    "userpage_paging_prev": "Назад &#8249;",
    "userpage_paging_ind": "Страница ",
    "userpage_paging_next": "Далее &#8250;",
    "userpage_paging_last": "В конец &raquo;",
    "userpage_addto": "Добавить в",
    "userpage_clear_history": "Очистить историю просмотров",
    "userpage_views_prefix": "Просмотров: ",
    "userpage_new_playlist": "Плейлист",
    "userpage_new_video": "Видео",
    "userpage_new_btn": "Создать",
    "userpage_ql_play": "Включить Quicklist",
    "userpage_ql_rmsel": "Убрать выбранное",
    "userpage_ql_clear": "Очистить Quicklist",
    "ql_novids_header": "В вашем QuickList нет видео.",
    "ql_novids_msg": "QuickList позволяет создать список видео, которые вы хотите посмотреть позднее. Нажмите на \"+\" (слева внизу) у любого видео, чтобы добавить его в свой QuickList. Чтобы посмотреть текущий список, найдите панель QuickList под просмотраиваемым видео.",
    "userpage_vl_rm": "Убрать",
    "userpage_vl_playall": "Воспроизвести всё",
    "userpage_vl_share": "Поделиться плейлистом",
    "userpage_vl_table_pos": "Положение",
    "userpage_vl_table_title": "Название",
    "userpage_vl_table_time": "Время",
    "userpage_vl_table_date": "Время добавления",
    "userpage_vl_table_views": "Просмотры",
    "userpage_vl_table_rating": "Рейтинг",
    "vl_permalink_label": "Плейлист/URL (Permalink):",
    "vl_embed_label": "Встроить плеер:",
    "vl_playall": "Воспроизвести все видео"
}
