﻿{
    "relativeTimeRules": {
        "seconds": {
            "1": "sekunda",
            "2+": "sek."
        },
        "minutes": {
            "1": "minut",
            "2+": "minuta"
        },
        "hours": {
            "1": "sat",
            "2-4": "sata",
            "5+": "sati"
        },
        "days": {
            "1": "dan",
            "2+": "dana"
        },
        "weeks": {
            "1": "nedelju",
            "2-4": "nedelje",
            "5+": "nedelja"
        },
        "months": {
            "1": "mesec",
            "2-4": "meseca",
            "5+": "meseci"
        },
        "years": {
            "1": "godinu",
            "2-4": "godine",
            "5+": "godina"
        },
        "prefix": "pre ",
        "suffix": ""
    },
    "watchpageUploadDate": {
        "dateFormat": "[day] [monthcode] [year]",
        "monthcodes": {
            "Jan": "jan",
            "Feb": "feb",
            "Mar": "mar",
            "Apr": "apr",
            "May": "maj",
            "Jun": "jun",
            "Jul": "jul",
            "Aug": "avg",
            "Sep": "sep",
            "Oct": "okt",
            "Nov": "nov",
            "Dec": "dec"
        }
    },
    "subscribe": "Zaprati",
    "unsubscribe": "Prekini praćenje",
    "watchstyle_fixes": "",
    "home": "Glavna stranica",
    "videos": "Video-snimci",
    "channels": "Kanali",
    "search": "Pretraga",
    "shows": "Šou-programi",
    "create_btn": "Otvori nalog",
    "or": "ili",
    "sign_btn": "Prijava",
    "signout_btn": "Odjavi me",
    "subs_btn": "Praćenja",
    "history_btn": "Istorijat",
    "upload_btn": "Otpremi",
    "moreinfo": "prikaži više",
    "lessinfo": "prikaži manje",
    "tags_begin": "Oznake: ",
    "morefrom": "Još od: ",
    "related": "Slični video-snimci",
    "views_prefix": "Broj pregleda: ",
    "views_suffix": "",
    "ratings_prefix": "Broj ocena: ",
    "ratings_suffix": "",
    "statsdata": "Statistika i podaci",
    "responses": "Video-odgovori",
    "favorite": "Dodaj u omiljene",
    "share": "Podeli",
    "playlists": "Plejliste",
    "flag": "Prijavi",
    "comments": "Tekstualni komentari&nbsp;",
    "comment_options": "Postavke",
    "comment_reply": "Odgovori",
    "comment_spam": "Nepoželjno",
    "showing_comments_p1": "Prikazuje se ",
    "showing_comments_p2": " komentar/a",
    "more_comments": "Prikaži još komentara",
    "cmts_login_promo_p1": "Želite da ostavite komentar?",
    "cmts_login_promo_p2": "<a href=\"#\">Otvorite besplatan Jutjub nalog</a> ili se <a href=\"#\">prijavite</a> ako već imate nalog.",
    "footer_yt": "Jutjub",
    "footer_programs": "Programi",
    "footer_help": "Pomoć",
    "footer_policy": "Politika",
    "footer_discover": "Otkrijte",
    "footer_contact": "Kontakt",
    "footer_advertising": "Reklamiranje",
    "footer_ghelp": "Zatražite pomoć",
    "footer_privacy": "Politika privatnosti",
    "footer_mobile": "Jutjub na mobilnim uređajima",
    "footer_store": "Jutjub prodavnica",
    "footer_dev": "Za programere",
    "footer_handbook": "Jutjubov priručnik",
    "footer_tos": "Uslovi korišćenja",
    "footer_site": "Jutjub na Vašem veb-sajtu",
    "footer_press": "Odeljenje za štampu",
    "footer_partner": "Partnerstva",
    "footer_community": "Forum pomoći",
    "footer_dmca": "Informacije o autorskim pravima",
    "footer_tv": "Jutjub na Vašem TV-u",
    "footer_business": "Poslovni blog",
    "footer_cm": "Upravljanje sadržajem",
    "footer_safety": "Centar bezbeznosti",
    "footer_guidelines": "Smernice zajednice",
    "footer_rss": "Jutjub RSS dovodi",
    "footer_blog": "Jutjub blog",
    "footer_corner": "Autorski kutak",
    "footer_test": "Poligon",
    "footer_igoogle": "Dodajte Jutjub na Guglovu početnu stranicu",
    "footer_location": "Trenutna lokacija:",
    "footer_showloc": "Prikaži lokacije",
    "footer_language": "Trenutni jezik:",
    "footer_showlang": "Prikaži jezike",
    "footer_copyright": "&copy; 2009 YouTube, LLC",
    "footer_worldwide": "Globalno",
    "footer_langname": "srpski (latinica)",
    "playnav_all": "Svi",
    "playnav_videos": "Otpremljeni",
    "playnav_favorites": "Omiljeni",
    "playnav_playlists_top": "Plejliste",
    "playnav_info": "Detalji",
    "playnav_comments": "Komentari",
    "playnav_favorite": "Dodaj u omiljene",
    "playnav_share": "Podeli",
    "playnav_playlists_btn": "Plejliste",
    "playnav_flag": "Prijavi",
    "playnav_showvideo": "Prikaži komentare, slične video-snimke itd.",
    "playnav_playlist_videos_prefix": "Broj video-snimaka: ",
    "playnav_playlist_videos_suffix": "",
    "playnav_from": "Od korisnika: ",
    "playnav_fav_added": "<p>Video je <b>dodat</b> na <a href=\"/my_favorites\" target=\"_blank\">spisak omiljenih.</a> (<a href=\"#\" onclick=\"favorite_undo();\">Opozovi</a>)</a></p>",
    "playnav_fav_removed": "<p>Video je <b>uklonjen</b> sa <a href=\"/my_favorites\" target=\"_blank\">spiska omiljenih.</a> (<a href=\"#\" onclick=\"favorite_video();\">Opozovi</a>)</a></p>",
    "playnav_playlist_add": "Dodaj na plejlistu",
    "playnav_playlist_name": "Naziv plejliste: ",
    "playnav_playlist_added": "Video je dodat na plejlistu.",
    "playnav_more": "prikaži više",
    "playnav_viewcount_prefix": "Broj pregleda: ",
    "playnav_viewcount_suffix": "",
    "playnav_close": "zatvori",
    "playnav_add_btn": "Dodaj",
    "channel_addfriend": "Dodaj kao prijatelja",
    "channel_block": "Blokiraj korisnika",
    "channel_msg": "Pošalji poruku",
    "channel_profile": "Profil",
    "channel_friends": "Prijatelji",
    "channel_comments": "Komentari kanala",
    "channel_comment_add": "Dodaj komentar",
    "channel_subscriptions": "Praćenja",
    "channel_subscribers": "Pratilaca",
    "channel_all": "prikaži sve",
    "channel_customcss_textfit": "",
    "channel_headername_prefix": "Kanal korisnika ",
    "channel_headername_suffix": "",
    "channel_field_name": "Ime",
    "channel_field_description": "Opis",
    "hp_learnmore": "Learn More",
    "hp_edit": "edit",
    "hp_viewall": "(view all)",
    "hp_recommended": "Recommended for You", 
    "hp_watched": "Videos Being Watched Now",
    "hp_featured": "Featured Videos",
    "hp_pop": "Most Popular",
    "hp_sign_prompt": "<strong>Want to customize this homepage?</strong><br><a href=\"#\">Sign In</a> or <a href=\"#\">Sign Up</a> now!",
    "hp_whatsnew": "What's New",
    "hp_corner_title": "Creator's Corner",
    "hp_corner_desc": "Visit this all-in-one resource for videographers",
    "hp_channel_title": "Holiday Solutions Channel Debuts",
    "hp_channel_desc": "It's getting to be that time of year again, when hosting dinners, attending parties, and finding the perfect gifts are top of mind. To help you navigate through it all, we're partnering with Target...",
    "hp_rec_desc_p1": "The \"Recommended for You\" module picks videos based on your viewing history. To see your <a href=\"/my_history\">viewing history</a>",
    "hp_rec_desc_p2": ", click on the History link at the top right of the page; if you want to clear your history and recommendations, click the \"Clear Viewing History\" button on that page.",
    "hp_rec_desc_p3": "Remember, you will get better, more specific, and more consistent recommendations by <a href=\"#\">logging in</a> (or <a href=\"#\">signing up</a> for a YouTube account, if you don't already have one).",
    "hp_blog": "Read more in our Blog",
    "hp_inbox": "Inbox",
    "hp_messages_prefix": "",
    "hp_message_1": " Personal Message",
    "hp_messages": " Personal Messages",
    "hp_shared_prefix": "",
    "hp_shared": "Shared with you",
    "hp_comments_prefix": "",
    "hp_comment_1": " Comment",
    "hp_comments": " Comments",
    "hp_friend_inv_prefix": "",
    "hp_friend_inv_1": " Friend Invite",
    "hp_friend_inv": " Friend Invites",
    "hp_video_responses_prefix": "",
    "hp_video_response_1": " Video Response",
    "hp_video_responses": " Video Responses",
    "hp_msg_compose": "send message",
    "cat_entertainment": "Entertainment",
    "cat_music": "Music",
    "cat_news": "News & Politics",
    "cat_film": "Film & Animation",
    "cat_sports": "Sports",
    "cat_howto": "Howto & Style",
    "cat_sci": "Science & Technology",
    "cat_gaming": "Gaming",
    "cat_fav": "Top Favorited",
    "cat_autos": "Autos & Vehicles",
    "cat_comedy": "Comedy",
    "cat_edu": "Education",
    "cat_nonprofit": "Nonprofits & Activism",
    "cat_people": "People & Blogs",
    "cat_pets": "Pets & Animals",
    "cat_travel": "Travel & Events",
    "cat_name": "Categories",
    "rss": "RSS this page",
    "cat_all": "All Categories",
    "sort_pop": "Popular",
    "sort_recent": "Recent Videos",
    "in_cat": "In: ",
    "quicklist": "QuickList",
    "add_to_ql": "Add Video to QuickList",
    "ql_added_homepage": "Added to <br> QuickList",
    "ql_added": "Added to QuickList",
    "ql_clear_title": "Clear",
    "ql_clear_desc": "Remove all videos from QuickList",
    "ql_save_title": "Save",
    "ql_save_desc": "Save all videos into a permanent playlist",
    "ql_fit_fix": ""
}
