{
    "relativeTimeRules": {
        "seconds": {
            "1": "секунда",
            "2+": "сек."
        },
        "minutes": {
            "1": "минут",
            "2+": "минута"
        },
        "hours": {
            "1": "сат",
            "2-4": "сата",
            "5+": "сати"
        },
        "days": {
            "1": "дан",
            "2+": "дана"
        },
        "weeks": {
            "1": "недељу",
            "2-4": "недеље",
            "5+": "недеља"
        },
        "months": {
            "1": "месец",
            "2-4": "месеца",
            "5+": "месеци"
        },
        "years": {
            "1": "годину",
            "2-4": "године",
            "5+": "година"
        },
        "prefix": "пре ",
        "suffix": ""
    },
    "watchpageUploadDate": {
        "dateFormat": "[day] [monthcode] [year]",
        "monthcodes": {
            "Jan": "јан",
            "Feb": "феб",
            "Mar": "мар",
            "Apr": "апр",
            "May": "мај",
            "Jun": "јун",
            "Jul": "јул",
            "Aug": "авг",
            "Sep": "сеп",
            "Oct": "окт",
            "Nov": "нов",
            "Dec": "дец"
        }
    },
    "subscribe": "Запрати",
    "unsubscribe": "Прекини праћење",
    "watchstyle_fixes": "",
    "home": "Главна страница",
    "videos": "Видео-снимци",
    "channels": "Канали",
    "search": "Претрага",
    "shows": "Шоу-програми",
    "create_btn": "Отвори налог",
    "or": "или",
    "sign_btn": "Пријава",
    "signout_btn": "Одјави ме",
    "subs_btn": "Праћења",
    "history_btn": "Историјат",
    "upload_btn": "Отпреми",
    "moreinfo": "прикажи више",
    "lessinfo": "прикажи мање",
    "tags_begin": "Ознаке: ",
    "morefrom": "Још од: ",
    "related": "Слични видео-снимци",
    "views_prefix": "Број прегледа: ",
    "views_suffix": "",
    "ratings_prefix": "Број оцена: ",
    "ratings_suffix": "",
    "statsdata": "Статистика и подаци",
    "responses": "Видео-одговори",
    "favorite": "Додај у омиљене",
    "share": "Подели",
    "playlists": "Плејлисте",
    "flag": "Пријави",
    "comments": "Текстуални коментари&nbsp;",
    "comment_options": "Поставке",
    "comment_reply": "Одговори",
    "comment_spam": "Непожељно",
    "showing_comments_p1": "Приказује се ",
    "showing_comments_p2": " коментар/а",
    "more_comments": "Прикажи још коментара",
    "cmts_login_promo_p1": "Желите да оставите коментар?",
    "cmts_login_promo_p2": "<a href=\"#\">Отворите бесплатан Јутјуб налог</a> или се <a href=\"#\">пријавите</a> ако већ имате налог.",
    "footer_yt": "Јутјуб",
    "footer_programs": "Програми",
    "footer_help": "Помоћ",
    "footer_policy": "Политика",
    "footer_discover": "Откријте",
    "footer_contact": "Контакт",
    "footer_advertising": "Рекламирање",
    "footer_ghelp": "Затражите помоћ",
    "footer_privacy": "Политика приватности",
    "footer_mobile": "Јутјуб на мобилним уређајима",
    "footer_store": "Јутјуб продавница",
    "footer_dev": "За програмере",
    "footer_handbook": "Јутјубов приручник",
    "footer_tos": "Услови коришћења",
    "footer_site": "Јутјуб на Вашем веб-сајту",
    "footer_press": "Одељење за штампу",
    "footer_partner": "Партнерства",
    "footer_community": "Форум помоћи",
    "footer_dmca": "Информације о ауторским правима",
    "footer_tv": "Јутјуб на Вашем ТВ-у",
    "footer_business": "Пословни блог",
    "footer_cm": "Управљање садржајем",
    "footer_safety": "Центар безбезности",
    "footer_guidelines": "Смернице заједнице",
    "footer_rss": "Јутјуб RSS доводи",
    "footer_blog": "Јутјуб блог",
    "footer_corner": "Ауторски кутак",
    "footer_test": "Полигон",
    "footer_igoogle": "Додајте Јутјуб на Гуглову почетну страницу",
    "footer_location": "Тренутна локација:",
    "footer_showloc": "Прикажи локације",
    "footer_language": "Тренутни језик:",
    "footer_showlang": "Прикажи језике",
    "footer_copyright": "&copy; 2009 YouTube, LLC",
    "footer_worldwide": "Глобално",
    "footer_langname": "српски (ћирилица)",
    "playnav_all": "Сви",
    "playnav_videos": "Отпремљени",
    "playnav_favorites": "Омиљени",
    "playnav_playlists_top": "Плејлисте",
    "playnav_info": "Детаљи",
    "playnav_comments": "Коментари",
    "playnav_favorite": "Додај у омиљене",
    "playnav_share": "Подели",
    "playnav_playlists_btn": "Плејлисте",
    "playnav_flag": "Пријави",
    "playnav_showvideo": "Прикажи коментаре, сличне видео-снимке итд.",
    "playnav_playlist_videos_prefix": "Број видео-снимака: ",
    "playnav_playlist_videos_suffix": "",
    "playnav_from": "Од корисника: ",
    "playnav_fav_added": "<p>Видео је <b>додат</b> на <a href=\"/my_favorites\" target=\"_blank\">списак омиљених.</a> (<a href=\"#\" onclick=\"favorite_undo();\">Опозови</a>)</a></p>",
    "playnav_fav_removed": "<p>Видео је <b>уклоњен</b> са <a href=\"/my_favorites\" target=\"_blank\">списка омиљених.</a> (<a href=\"#\" onclick=\"favorite_video();\">Опозови</a>)</a></p>",
    "playnav_playlist_add": "Додај на плејлисту",
    "playnav_playlist_name": "Назив плејлисте: ",
    "playnav_playlist_added": "Видео је додат на плејлисту.",
    "playnav_more": "прикажи више",
    "playnav_viewcount_prefix": "Број прегледа: ",
    "playnav_viewcount_suffix": "",
    "playnav_close": "затвори",
    "playnav_add_btn": "Додај",
    "channel_addfriend": "Додај као пријатеља",
    "channel_block": "Блокирај корисника",
    "channel_msg": "Пошаљи поруку",
    "channel_profile": "Профил",
    "channel_friends": "Пријатељи",
    "channel_comments": "Коментари канала",
    "channel_comment_add": "Додај коментар",
    "channel_subscriptions": "Праћења",
    "channel_subscribers": "Пратилаца",
    "channel_all": "прикажи све",
    "channel_customcss_textfit": ".playnav-bottom-link {padding-right: 10px;}",
    "channel_headername_prefix": "Канал корисника ",
    "channel_headername_suffix": "",
    "channel_field_name": "Име",
    "channel_field_description": "Опис",
    "hp_learnmore": "Learn More",
    "hp_edit": "edit",
    "hp_viewall": "(view all)",
    "hp_recommended": "Recommended for You", 
    "hp_watched": "Videos Being Watched Now",
    "hp_featured": "Featured Videos",
    "hp_pop": "Most Popular",
    "hp_sign_prompt": "<strong>Want to customize this homepage?</strong><br><a href=\"#\">Sign In</a> or <a href=\"#\">Sign Up</a> now!",
    "hp_whatsnew": "What's New",
    "hp_corner_title": "Creator's Corner",
    "hp_corner_desc": "Visit this all-in-one resource for videographers",
    "hp_channel_title": "Holiday Solutions Channel Debuts",
    "hp_channel_desc": "It's getting to be that time of year again, when hosting dinners, attending parties, and finding the perfect gifts are top of mind. To help you navigate through it all, we're partnering with Target...",
    "hp_rec_desc_p1": "The \"Recommended for You\" module picks videos based on your viewing history. To see your <a href=\"/my_history\">viewing history</a>",
    "hp_rec_desc_p2": ", click on the History link at the top right of the page; if you want to clear your history and recommendations, click the \"Clear Viewing History\" button on that page.",
    "hp_rec_desc_p3": "Remember, you will get better, more specific, and more consistent recommendations by <a href=\"#\">logging in</a> (or <a href=\"#\">signing up</a> for a YouTube account, if you don't already have one).",
    "hp_blog": "Read more in our Blog",
    "hp_inbox": "Inbox",
    "hp_messages_prefix": "",
    "hp_message_1": " Personal Message",
    "hp_messages": " Personal Messages",
    "hp_shared_prefix": "",
    "hp_shared": "Shared with you",
    "hp_comments_prefix": "",
    "hp_comment_1": " Comment",
    "hp_comments": " Comments",
    "hp_friend_inv_prefix": "",
    "hp_friend_inv_1": " Friend Invite",
    "hp_friend_inv": " Friend Invites",
    "hp_video_responses_prefix": "",
    "hp_video_response_1": " Video Response",
    "hp_video_responses": " Video Responses",
    "hp_msg_compose": "send message",
    "cat_entertainment": "Entertainment",
    "cat_music": "Music",
    "cat_news": "News & Politics",
    "cat_film": "Film & Animation",
    "cat_sports": "Sports",
    "cat_howto": "Howto & Style",
    "cat_sci": "Science & Technology",
    "cat_gaming": "Gaming",
    "cat_fav": "Top Favorited",
    "cat_autos": "Autos & Vehicles",
    "cat_comedy": "Comedy",
    "cat_edu": "Education",
    "cat_nonprofit": "Nonprofits & Activism",
    "cat_people": "People & Blogs",
    "cat_pets": "Pets & Animals",
    "cat_travel": "Travel & Events",
    "cat_name": "Categories",
    "rss": "RSS this page",
    "cat_all": "All Categories",
    "sort_pop": "Popular",
    "sort_recent": "Recent Videos",
    "in_cat": "In: ",
    "quicklist": "QuickList",
    "add_to_ql": "Add Video to QuickList",
    "ql_added_homepage": "Added to <br> QuickList",
    "ql_added": "Added to QuickList",
    "ql_clear_title": "Clear",
    "ql_clear_desc": "Remove all videos from QuickList",
    "ql_save_title": "Save",
    "ql_save_desc": "Save all videos into a permanent playlist",
    "ql_fit_fix": ""
}
