{
    "relativeTimeRules": {
        "seconds": {
            "1": "saniye",
            "2+": "saniye"
        },
        "minutes": {
            "1": "dakika",
            "2+": "dakika"
        },
        "hours": {
            "1": "saat",
            "2+": "saat"
        },
        "days": {
            "1": "gün",
            "2+": "gün"
        },
        "weeks": {
            "1": "hafta",
            "2+": "hafta"
        },
        "months": {
            "1": "ay",
            "2+": "ay"
        },
        "years": {
            "1": "yıl",
            "2+": "yıl"
        },
        "prefix": "",
        "suffix": " önce"
    },
    "watchpageUploadDate": {
        "dateFormat": "[monthcode] [day], [year]",
        "monthcodes": {
            "Jan": "Ocak",
            "Feb": "Şubat",
            "Mar": "Mart",
            "Apr": "Nisan",
            "May": "Mayıs",
            "Jun": "Haziran",
            "Jul": "Temmuz",
            "Aug": "Ağustos",
            "Sep": "Eylül",
            "Oct": "Ekim",
            "Nov": "Kasım",
            "Dec": "Aralık"
        }
    },
    "subscribe": "Abone Ol",
    "unsubscribe": "Abonelikten Çık",
    "watchstyle_fixes": "",
    "home": "Anasayfa",
    "videos": "Videolar",
    "channels": "Kanallar",
    "search": "Ara",
    "shows": "Programlar",
    "create_btn": "Hesap Oluştur",
    "or": "ya da",
    "sign_btn": "Giriş Yap",
    "signout_btn": "Çıkış Yap",
    "subs_btn": "Abonelikler",
    "history_btn": "Geçmiş",
    "upload_btn": "Yükle",
    "moreinfo": "daha fazla bilgi",
    "lessinfo": "daha az bilgi",
    "tags_begin": "Etiketler: ",
    "morefrom": "Daha fazlası: ",
    "related": "İlişkili Videolar",
    "views_prefix": "",
    "views_suffix": " görüntülenme",
    "ratings_prefix": "",
    "ratings_suffix": " puan",
    "statsdata": "İstatistikler &amp; Veriler",
    "responses": "Video Yanıtları",
    "favorite": "Beğen",
    "share": "Paylaş",
    "playlists": "Oynatma Listeleri",
    "flag": "Şikayet Et",
    "comments": "Yorumlar&nbsp;",
    "comment_options": "Ayarlar",
    "comment_reply": "Yanıtla",
    "comment_spam": "Spam",
    "showing_comments_p1": "",
    "showing_comments_p2": " yorum gösteriliyor.",
    "more_comments": "Daha Fazla Yorum Göster",
    "cmts_login_promo_p1": "Yorum yapmak ister misin?",
    "cmts_login_promo_p2": "Ücretsiz bir şekilde <a href=\"#\">YouTube</a> hesabı oluştur, ya da üyeliğin varsa <a href=\"#\">giriş yap</a>.",
    "footer_yt": "YouTube",
    "footer_programs": "Programlar",
    "footer_help": "Yardım",
    "footer_policy": "Politika",
    "footer_discover": "Keşfet",
    "footer_contact": "Bize Ulaş",
    "footer_advertising": "Reklamlar",
    "footer_ghelp": "Yardım Al",
    "footer_privacy": "Gizlilik Politikası",
    "footer_mobile": "Telefonunda YouTube",
    "footer_store": "YouTube Mağazası",
    "footer_dev": "Geliştiriciler",
    "footer_handbook": "YouTube Handbook",
    "footer_tos": "Kullanım Şartları",
    "footer_site": "Sitende YouTube",
    "footer_press": "Basın",
    "footer_partner": "Partnerlik",
    "footer_community": "Topluluk Yardım Forumları",
    "footer_dmca": "Telif Hakkı Notları",
    "footer_tv": "Televizyonda YouTube",
    "footer_business": "Blog",
    "footer_cm": "İçerik Yönetimi",
    "footer_safety": "Güvenlik Merkezi",
    "footer_guidelines": "Topluluk Kuralları",
    "footer_rss": "YouTube RSS",
    "footer_blog": "YouTube Blog",
    "footer_corner": "Yapımcı Köşesi",
    "footer_test": "TestTube",
    "footer_igoogle": "Google anasayfana YouTube'u ekle",
    "footer_location": "Konum:",
    "footer_showloc": "Konumları göster",
    "footer_language": "Dil:",
    "footer_showlang": "Dilleri göster",
    "footer_copyright": "&copy; 2009 YouTube, LLC",
    "footer_worldwide": "Dünya",
    "footer_langname": "Türkçe",
    "playnav_all": "All",
    "playnav_videos": "Yüklemeler",
    "playnav_favorites": "Beğenilenler",
    "playnav_playlists_top": "Oynatma Listeleri",
    "playnav_info": "Bilgi",
    "playnav_comments": "Yorumlar",
    "playnav_favorite": "Beğen",
    "playnav_share": "Paylaş",
    "playnav_playlists_btn": "Oynatma Listeleri",
    "playnav_flag": "Şikayet Et",
    "playnav_showvideo": "Yorumlar, ilişkili videolar, ve daha fazlası",
    "playnav_playlist_videos_prefix": "",
    "playnav_playlist_videos_suffix": " video",
    "playnav_from": "Paylaşan: ",
    "playnav_fav_added": "<p>Video <a href=\"/my_favorites\" target=\"_blank\">beğenilen videolarına</a> <b>eklendi</b>(<a href=\"#\" onclick=\"favorite_undo();\">Geri al</a>)</a></p>",
    "playnav_fav_removed": "<p>Video <a href=\"/my_favorites\" target=\"_blank\">beğenilen videolarından</a> <b>kaldırıldı</b> (<a href=\"#\" onclick=\"favorite_video();\">Geri al</a>)</a></p>",
    "playnav_playlist_add": "Oynatma Listesine Ekle",
    "playnav_playlist_name": "Oynatma Listesi İsmi: ",
    "playnav_playlist_added": "Video oynatma listene eklendi.",
    "playnav_more": "fazlasını gör",
    "playnav_viewcount_prefix": "",
    "playnav_viewcount_suffix": " görüntülenme",
    "playnav_close": "kapat",
    "playnav_add_btn": "Ekle",
    "channel_addfriend": "Arkadaş Ekle",
    "channel_block": "Kullanıcıyı Engelle",
    "channel_msg": "Mesaj Gönder",
    "channel_profile": "Profil",
    "channel_friends": "Arkadaşlar",
    "channel_comments": "Kanal Yorumları",
    "channel_comment_add": "Yorum yap",
    "channel_subscriptions": "Abonelikler",
    "channel_subscribers": "Aboneler",
    "channel_all": "hepsini gör",
    "channel_customcss_textfit": "",
    "channel_headername_prefix": "",
    "channel_headername_suffix": "'nın Kanalı",
    "channel_field_name": "İsim",
    "channel_field_description": "Açıklama",
    "hp_learnmore": "Fazlasını Öğren",
    "hp_edit": "düzenle",
    "hp_viewall": "(hepsini görüntüle)",
    "hp_recommended": "Senin için Önerilen", 
    "hp_watched": "Şu an İzlenen Videolar",
    "hp_featured": "Öne Çıkan Videolar",
    "hp_pop": "En Popüler Videolar",
    "hp_sign_prompt": "<strong>Bu sayfayı özelleştirmek ister misin=</strong><br><a href=\"#\">Giriş Yap</a> ya da <a href=\"#\">Kayıt Ol</a>",
    "hp_whatsnew": "Yeni Olanlar",
    "hp_corner_title": "Yapımcı Köşesi",
    "hp_corner_desc": "Videofotoğrafçılar için olan hepsi bir arada sayfasını ziyaret et.",
    "hp_channel_title": "Yeni kanallar için tatil önerileri",
    "hp_channel_desc": "Akşam yemeklerine ev sahipliği yapmanın, partilere katılmanın ve mükemmel hediyeleri bulmanın en önemli konular olduğu dönem yine yılın o zamanı olmaya başlıyor. Her şeyde gezinmenize yardımcı olmak için Target ile ortaklık yapıyoruz...",
    "hp_rec_desc_p1": "\"Sizin İçin Önerilenler\" modülü, videoları görüntüleme geçmişinize göre seçer. <a href=\"/my_history\">İzleme geçmişinizi</a> görmek için",
    "hp_rec_desc_p2": ", sayfanın sağ üst kısmındaki Geçmiş bağlantısını tıklayın; geçmişinizi ve önerilerinizi temizlemek istiyorsanız o sayfadaki \"Görüntüleme Geçmişini Temizle\" butonuna tıklayın.",
    "hp_rec_desc_p3": "Unutmayın, <a href=\"#\">giriş yaparak</a> (hesabınız yoksa <a href=\"#\">kayıt olarak</a>) bütün önerilen videolardan yararlanabilirsiniz.",
    "hp_blog": "Blogumuzda daha fazlasını oku",
    "hp_inbox": "Gelen Kutusu",
    "hp_messages_prefix": "",
    "hp_message_1": " Kişisel Mesaj",
    "hp_messages": " Kişisel Mesajlar",
    "hp_shared_prefix": "",
    "hp_shared": "Seninle paylaşılan",
    "hp_comments_prefix": "",
    "hp_comment_1": " Yorum",
    "hp_comments": " Yorumlar",
    "hp_friend_inv_prefix": "",
    "hp_friend_inv_1": " Arkadaş Daveti",
    "hp_friend_inv": " Arkadaş Davetleri",
    "hp_video_responses_prefix": "",
    "hp_video_response_1": " Video Yanıtı",
    "hp_video_responses": " Video Yanıtları",
    "hp_msg_compose": "mesaj gönder",
    "cat_entertainment": "Eğlence",
    "cat_music": "Müzik",
    "cat_news": "Haberler & Politika",
    "cat_film": "Film & Animasyon",
    "cat_sports": "Spor",
    "cat_howto": "Nasıl Yapılır & Stil",
    "cat_sci": "Bilim & Teknoloji",
    "cat_gaming": "Oyun",
    "cat_fav": "En Sevilenler",
    "cat_autos": "Arabalar & Araçlar",
    "cat_comedy": "Komedi",
    "cat_edu": "Eğitici",
    "cat_nonprofit": "Kâr Amacı Gütmeyen ve Aktivizm",
    "cat_people": "İnsanlar & Bloglar",
    "cat_pets": "Evcil Hayvanlar",
    "cat_travel": "Gezinti & Etkinlikler",
    "cat_name": "Kategoriler",
    "rss": "RSS",
    "cat_all": "Btün Kategoriler",
    "sort_pop": "Popüler",
    "sort_recent": "Yeni Videolar",
    "in_cat": "şurada: ",
    "quicklist": "Hızlı Liste",
    "add_to_ql": "Videoyu Hızlı Listeye ekle",
    "ql_added_homepage": "<br> Hızlı Listeye Eklendi ",
    "ql_added": "Hızlı Listeye Eklendi ",
    "ql_clear_title": "Temizle",
    "ql_clear_desc": "Hızlı Listeden tüm videoları sil",
    "ql_save_title": "Kaydet",
    "ql_save_desc": "Bütün videoları kalıcı listeye ekle.",
    "ql_fit_fix": ""
}
