{
    "Gt7X90Au6BV8rf49BiM6Dg": {
        "imageId":"106",
        "primaryBg":"#CCCCCC",
        "blackText":true,
        "secondaryBg":"#666666",
        "hideHeader":true,
        "showBg":true
    },
    "Lat8CECTXsvUTsclmDdFGw": {
        "imageId": "103"
    },
    "rtZO4nmCBN4C9ySmi013oA": {
        "imageId": "105"
    },
    "ljCD9VDAO7TWUCyb69SL-Q": {
        "imageId": "102"
    },
    "WlUbUAlopX1P16J1KZYDsw": {
        "imageId": "149"
    },
    "ZU9T1ceaOgwfLRq7OKFU4Q": {
        "imageId": "102"
    },
    "AwU8LhVezlq6KW03CMexOw": {
        "imageId": "107"
    }
}