{
    "GB": "ChIJqZHHQhE7WgIReiWIMkOg-MQ",
    "US": "ChIJCzYy5IS16lQRQrfeQ5K5Oxw",
    "CN": "ChIJwULG5WSOUDERbzafNHyqHZU",
    "DE": "ChIJa76xwh5ymkcRW-WRjmtd6HU",
    "JP": "ChIJ51cu8IcbXWARiRtXIothAS4",
    "IN": "ChIJkbeSa_BfYzARphNChaFPjNc",
    "FR": "ChIJMVd4MymgVA0R99lHx5Y__Ws",
    "IT": "ChIJA9KNRIL-1BIRb15jJFz1LOI",
    "BR": "ChIJzyjM68dZnAARYz4p8gYVWik",
    "CA": "ChIJ2WrMN9MDDUsRpY9Doiq3aJk",
    "RU": "ChIJybDUc_xKtUYRTM9XV8zWRD0",
    "MX": "ChIJU1NoiDs6BIQREZgJa760ZO0",
    "KR": "ChIJm7oRy-tVZDURS9uIugCbJJE",
    "AU": "ChIJ38WHZwf9KysRUhNblaFnglM",
    "ES": "ChIJi7xhMnjjQgwR7KNoB5Qs7KY",
    "ID": "ChIJnUvjRenzaS4RoobX2g-_cVM",
    "TR": "ChIJawhoAASnyhQR0LABvJj-zOE",
    "NL": "ChIJu-SH28MJxkcRnwq9_851obM",
    "SA": "ChIJQSqV5z-z5xURm7YawktQYFk",
    "CH": "ChIJYW1Zb-9kjEcRFXvLDxG1Vlw",
    "PL": "ChIJuwtkpGSZAEcR6lXMScpzdQk",
    "TW": "ChIJL1cHXAbzbjQRaVScvwTwEec",
    "BE": "ChIJl5fz7WR9wUcR8g_mObTy60c",
    "AR": "ChIJZ8b99fXKvJURqA_wKpl3Lz0",
    "SE": "ChIJ8fA1bTmyXEYRYm-tjaLruCI",
    "IE": "ChIJ-ydAXOS6WUgRCPTbzjQSfM8",
    "NO": "ChIJOfBn8mFuQUYRmh4j019gkn4",
    "AT": "ChIJn8o2UZ4HbUcRRluiUYrlwv0",
    "IL": "ChIJS_zBNNbXAhURy-FuRT5ib9k",
    "TH": "ChIJsU1CR_eNTTARAuhXB4gs154",
    "AE": "ChIJvRKrsd9IXj4RpwoIwFYv0zM",
    "SG": "ChIJdZOLiiMR2jERxPWrUs9peIg",
    "BD": "ChIJp4vhgO2qrTARa_zhxOAoLQ8",
    "PH": "ChIJY96HXyFTQDIRV9opeu-QR3g",
    "VN": "ChIJXx5qc016FTERvmL-4smwO7A",
    "MY": "ChIJrzBnX5fTNDAR2BwhKJOWRQc",
    "DK": "ChIJ-1-U7rYnS0YRzZLgw9BDh1I",
    "EG": "ChIJ6TZcw3aJNhQRRMTEJQmgRSw",
    "NG": "ChIJDY2kfa8LThARyAvFaEH-qJk",
    "HK": "ChIJD5gyo-3iAzQRfMnq27qzivA",
    "ZA": "ChIJURLu2YmmNBwRoOikHwxjXeg",
    "IR": "ChIJ2dzzH0kAjj8RvCRwVnxps_A",
    "CO": "ChIJo5QVrjqkFY4RQKPy7wSaDZo",
    "RO": "ChIJw3aJlSb_sUARlLEEqJJP74Q",
    "CL": "ChIJL68lBEHFYpYRHbkCERPhBQU", 
    "PK": "ChIJH3X9-NJS2zgRXJIU5veht0Y",
    "CZ": "ChIJQ4Ld14-UC0cRb1jb03UcZvg",
    "FI": "ChIJkQYhlscLkkYRY_fiO4S9Ts0",
    "IQ": "ChIJEUr1VD2CVxURAhYGorthpW0",
    "PT": "ChIJ1SZCvy0kMgsRQfBOHAlLuCo",
    "PE": "ChIJ9RRZwFDIBZERSAYheRIBnvI",
    "KZ": "ChIJR6n87AcQqTgRGw6z5C-Ee18",
    "NZ": "ChIJh5Z3Fw4gLG0RM0dqdeIY1rE",
    "GR": "ChIJY2xxEcdKWxMRHS2a3HUXOjY",
    "QA": "ChIJf-jc_zTFRT4RMkArgc-I-hw",
    "DZ": "ChIJ0XsDKGqKfg0RovjXq-O-QHE",
    "HU": "ChIJw-Q333uDQUcREBAeDCnEAAA",
    "UA": "ChIJjw5wVMHZ0UAREED2iIQGAQA",
    "KW": "ChIJoVHqvj82xT8R0u3Yks1rcnQ",
    "ET": "ChIJK_1s3c7QNRYRWsVIU3-m9ns",
    "MA": "ChIJjcVRlmGICw0Rw_8sxIGT09k",
    "SK": "ChIJf8Z8rrlgFEcRfTpysWdha80",
    "CU": "ChIJ4QD2vUx3zYgRYA13Gn5NKU4",
    "DO": "ChIJ9bbx3jiIr44R4PcNBiQPAqY",
    "EC": "ChIJ1UuaqN2HI5ARAjecEQSvdp0",
    "PR": "ChIJ-aeSGyaWAowRGpsEGCjsNvM",
    "KE": "ChIJD5BQg9CAJxgR2W2XobAOO0A",
    "OM": "ChIJv5vVqWaf1j0RF6ixZXZMBjo",
    "BG": "ChIJifBbyMH-qEAREEy_aRKgAAA",
    "GT": "ChIJa1DnNlATiIURu9WEWzcrmDU",
    "AO": "ChIJJ4utyk7yURoRPU5KDZ0oClk",
    "VE": "ChIJAdjLNstTKIwR003VfFjyoNw",
    "UZ": "ChIJw-l5wwyLrjgRmMulSjsyqaU",
    "LU": "ChIJRyEhyrlFlUcR75LTAvZg22Q",
    "CR": "ChIJJcmsIWLlko8RK5qBNSX3VGI",
    "TZ": "ChIJEaFpSDFRSxgRMMTBSzEXWog",
    "PA": "ChIJ4yu-yIMVpo8Rz5ulH03g7nk",
    "TM": "ChIJy2y8dFXLZT8RkaRpQWuC3X4",
    "HR": "ChIJ7ZXdCghBNBMRfxtm4STA86A",
    "CI": "ChIJZ6BJsIcTlg8RQO65fGIe-QE",
    "LT": "ChIJE74zDxSU3UYRubpdpdNUCvM",
    "AZ": "ChIJ3x2iGtl8MEARCM2DPmtSyeY",
    "GH": "ChIJx9baqM1a1w8RNtKT0DDy11Q",
    "UY": "ChIJCd5f-zoHdZURSlIWYGGWVUo",
    "RS": "ChIJvT-116N6WkcR5H4X8lxkuB0",
    "MM": "ChIJBylOcadSVjAREStiHOQOe7o",
    "LK": "ChIJnR5a9jxZ4joRjNPiALSkPeE",
    "BY": "ChIJgUit4oQl2kYREIzsgdGhAAA",
    "SI": "ChIJYYOWXuckZUcRZdTiJR5FQOc",
    "CD": "ChIJvUZ1ms_6eRkRQfGTrF4-xgQ",
    "UG": "ChIJRfmZZJ-mcRcRSUUBQ85VQYc",
    "TN": "ChIJ4aQWg0SVVRIR75sBqjozhDo",
    "JO": "ChIJmd5kZkdvABURmU4mUQdbKI0",
    "CM": "ChIJIQ8-cFM3YRARU5uCmUXEAys",
    "BO": "ChIJlaK7d4nfXpERv-0VAbvCnhw",
    "LV": "ChIJ_ZqKe2cw6UYREPzyaM3PAAA",
    "BH": "ChIJEaJHak5SSD4RRhDa2-JQlC4",
    "PY": "ChIJYz3xkDQIXJQR8y5YHWH_-rM",
    "EE": "ChIJvxZW35mUkkYRcGL8GG2zAAQ"
}