{"DZ":"Africa","AR":"South America","AU":"Oceania","AT":"Europe","AZ":"Europe","BH":"Asia","BD":"Asia","BY":"Europe","BE":"Europe","BO":"South America","BA":"Europe","BR":"South America","BG":"Europe","KH":"Asia","CA":"North America","CL":"South America","CO":"South America","CR":"North America","HR":"Europe","CY":"Europe","CZ":"Europe","DK":"Europe","DO":"North America","EC":"South America","EG":"Africa","SV":"North America","EE":"Europe","FI":"Europe","FR":"Europe","GE":"Asia","DE":"Europe","GH":"Africa","GR":"Europe","GT":"North America","HN":"North America","HK":"Asia","HU":"Europe","IS":"Europe","IN":"Asia","ID":"Asia","IQ":"Africa","IE":"Europe","IL":"Asia","IT":"Europe","JM":"North America","JP":"Asia","JO":"Asia","KZ":"Asia","KE":"Africa","KW":"Asia","LA":"Asia","LV":"Europe","LB":"Asia","LY":"Africa","LI":"Europe","LT":"Europe","LU":"Europe","MY":"Asia","MT":"Europe","MX":"North America","ME":"Europe","MA":"Africa","NP":"Asia","NL":"Europe","NZ":"Oceania","NI":"North America","NG":"Africa","MK":"Europe","NO":"Europe","OM":"Asia","PK":"Asia","PA":"North America","PG":"Oceania","PY":"South America","PE":"South America","PH":"Asia","PL":"Europe","PT":"Europe","PR":"North America","QA":"Asia","RO":"Europe","RU":"Asia","SA":"Asia","SN":"Africa","RS":"Europe","SG":"Asia","SK":"Europe","SI":"Europe","ZA":"Africa","KR":"Asia","ES":"Europe","SR":"Asia","SE":"Europe","CH":"Europe","TW":"Asia","TZ":"Africa","TH":"Asia","TN":"Africa","TR":"Asia","UG":"Africa","UA":"Europe","AE":"Asia","GB":"Europe","US":"North America","UY":"South America","VE":"South America","VN":"Asia","YE":"Asia","ZW":"Africa"
}